Pokedex Number,Pokemon,Alternate Form Name,Legendary Type,Pokemon Height,Pokemon Weight,Primary Type,Secondary Type,Male Ratio,Female Ratio,Base Happiness,Game(s) of Origin,Health Stat,Attack Stat,Defense Stat,Special Attack Stat,Special Defense Stat,Speed Stat,Base Stat Total,Health EV,Attack EV,Defense EV,Special Attack EV,Special Defense EV,Speed EV,EV Yield Total,Catch Rate,Experience Growth,Experience Growth Total,Primary Egg Group,Secondary Egg Group,Egg Cycle Count,tiers,Percent_Usage,Tier_Score
460,Abomasnow,NULL,NULL,2.2,135.5,Grass,Ice,50.0,50.0,50,Diamond,90,92,75,92,85,60,494,0,1,0,1,0,0,2,60,Slow,1250000,Monster,Grass,20,pu,2.309,0.09624442875061624
359,Absol,NULL,NULL,1.2,47.0,Dark,NULL,50.0,50.0,35,Ruby,65,130,60,75,60,75,465,0,2,0,0,0,0,2,30,Medium Slow,1059860,Field,NULL,25,pu,7.419,0.309240981594097
617,Accelgor,NULL,NULL,0.8,25.3,Bug,NULL,50.0,50.0,50,Black,80,70,40,100,60,145,495,0,0,0,0,0,2,2,75,Medium Fast,1000000,Bug,NULL,15,pu,3.721,0.15509983230500599
681,Aegislash,NULL,NULL,1.7,53.0,Steel,Ghost,50.0,50.0,50,X,60,50,140,50,140,60,500,0,0,2,0,1,0,3,45,Medium Fast,1000000,Mineral,NULL,20,uu,3.754,3.1176544331016305
142,Aerodactyl,NULL,NULL,1.8,59.0,Rock,Flying,87.5,12.5,50,Red,80,105,65,60,75,130,515,0,0,0,0,0,2,2,45,Slow,1250000,Flying,NULL,35,nu,7.85,1.3332484286802533
306,Aggron,NULL,NULL,2.1,360.0,Steel,Rock,50.0,50.0,35,Ruby,70,110,180,60,60,50,530,0,0,3,0,0,0,3,45,Slow,1250000,Monster,NULL,35,pu,6.619,0.27589513453959563
65,Alakazam,NULL,NULL,1.5,48.0,Psychic,NULL,75.0,25.0,50,Red,55,50,45,135,95,120,500,0,0,0,3,0,0,3,50,Medium Slow,1059860,Human-Like,NULL,20,uu,9.193,3.2881185933645884
869,Alcremie,NULL,NULL,0.3,0.5,Fairy,NULL,0.0,100.0,50,Sword,65,60,75,110,121,64,495,0,0,0,0,2,0,2,100,Medium Fast,1000000,Fairy,Amorphous,20,pu,3.04,0.12671418700603496
334,Altaria,NULL,NULL,1.1,20.6,Dragon,Flying,50.0,50.0,50,Ruby,75,70,90,70,105,80,490,0,0,0,0,2,0,2,45,Erratic,600000,Flying,Dragon,20,pu,0.957,0.03988996074396378
591,Amoonguss,NULL,NULL,0.6,10.5,Grass,Poison,50.0,50.0,50,Black,114,85,70,85,80,30,464,2,0,0,0,0,0,2,75,Medium Fast,1000000,Grass,NULL,20,uu,16.178,3.5070360643542915
842,Appletun,NULL,NULL,0.4,13.0,Grass,Dragon,50.0,50.0,50,Sword,110,85,80,100,80,30,485,2,0,0,0,0,0,2,45,Erratic,600000,Grass,Dragon,20,pu,0.677,0.028218915765563464
752,Araquanid,NULL,NULL,1.8,82.0,Water,Bug,50.0,50.0,50,Sun,68,70,92,50,132,42,454,0,0,0,0,2,0,2,100,Medium Fast,1000000,Water 1,Bug,15,nu,5.052,1.2144676557198435
59,Arcanine,NULL,NULL,1.9,155.0,Fire,NULL,75.0,25.0,50,Red,90,110,80,100,80,95,555,0,2,0,0,0,0,2,75,Slow,1250000,Field,NULL,20,nu,14.528,1.6167430815291954
567,Archeops,NULL,NULL,1.4,32.0,Rock,Flying,87.5,12.5,50,Black,75,140,65,112,65,110,567,0,2,0,0,0,0,2,45,Medium Fast,1000000,Flying,Water 3,30,pu,9.195,0.38326872548385926
883,Arctovish,NULL,NULL,2.0,175.0,Water,Ice,0.0,0.0,50,Sword,90,90,100,80,90,55,505,0,0,2,0,0,0,2,45,Slow,1250000,No Eggs Discovered,NULL,35,pu,7.01,0.29219292469116986
881,Arctozolt,NULL,NULL,2.3,150.0,Electric,Ice,0.0,0.0,50,Sword,90,100,90,90,80,55,505,0,2,0,0,0,0,2,45,Slow,1250000,No Eggs Discovered,NULL,35,ru,1.197,2.03719008252219
348,Armaldo,NULL,NULL,1.5,68.2,Rock,Bug,87.5,12.5,50,Ruby,75,125,100,70,80,45,495,0,2,0,0,0,0,2,45,Erratic,600000,Water 3,NULL,30,pu,0.242,0.010087116274372638
683,Aromatisse,NULL,NULL,0.8,15.5,Fairy,NULL,50.0,50.0,50,X,101,72,72,99,89,29,462,2,0,0,0,0,0,2,140,Medium Fast,1000000,Fairy,NULL,20,pu,6.984,0.2911091839662502
144,Articuno,NULL,Sub-Legendary,1.7,55.4,Ice,Flying,0.0,0.0,35,Red,90,85,100,95,125,85,580,0,0,0,0,3,0,3,3,Slow,1250000,No Eggs Discovered,NULL,80,pu,4.285,0.1786086443418383
531,Audino,NULL,NULL,1.1,31.0,Normal,NULL,50.0,50.0,50,Black,103,60,86,60,86,50,445,2,0,0,0,0,0,2,255,Fast,800000,Fairy,NULL,20,pu,2.484,0.10353882906710049
699,Aurorus,NULL,NULL,2.7,225.0,Rock,Ice,87.5,12.5,50,X,123,77,72,99,92,58,521,2,0,0,0,0,0,2,45,Medium Fast,1000000,Monster,NULL,30,pu,4.393,0.18311034422830053
713,Avalugg,Hisui,NULL,1.4,262.4,Ice,Rock,50.0,50.0,50,Legends Arceus,95,127,184,34,36,38,514,0,0,2,0,0,0,2,135,Medium Fast,1000000,Monster,Mineral,20,pu,1.764,0.07352757764966716
482,Azelf,NULL,Sub-Legendary,0.3,0.3,Psychic,NULL,0.0,0.0,140,Diamond,75,125,70,125,70,115,580,0,2,0,1,0,0,3,3,Slow,1250000,No Eggs Discovered,NULL,80,uu,6.336,3.1985771162277548
184,Azumarill,NULL,NULL,0.8,28.5,Water,Fairy,50.0,50.0,50,Gold,100,50,80,60,80,50,420,3,0,0,0,0,0,3,75,Fast,800000,Water 1,Fairy,10,uu,13.173,3.4128561289304806
689,Barbaracle,NULL,NULL,1.3,96.0,Rock,Water,50.0,50.0,50,X,72,105,115,54,86,68,500,0,2,0,0,0,0,2,45,Medium Fast,1000000,Water 3,NULL,20,ru,1.434,2.0445535319253034
847,Barraskewda,NULL,NULL,1.3,30.0,Water,NULL,50.0,50.0,50,Sword,61,123,60,60,50,136,490,0,0,0,0,0,2,2,60,Slow,1250000,Water 2,NULL,20,ou,3.949,4.106396156956761
550,Basculin,NULL,NULL,1.0,18.0,Water,NULL,50.0,50.0,50,Black,70,92,65,80,55,98,460,0,0,0,0,0,2,2,25,Medium Fast,1000000,Water 2,NULL,40,pu,1.929,0.08040515537486187
614,Beartic,NULL,NULL,2.6,260.0,Ice,NULL,50.0,50.0,50,Black,95,130,80,70,80,50,505,0,2,0,0,0,0,2,60,Medium Fast,1000000,Field,NULL,20,pu,0.997,0.04155725110912195
606,Beheeyem,NULL,NULL,1.0,34.5,Psychic,NULL,50.0,50.0,50,Black,75,75,75,125,95,40,485,0,0,0,2,0,0,2,90,Medium Fast,1000000,Human-Like,NULL,20,pu,0.597,0.024884332550788497
182,Bellossom,NULL,NULL,0.4,5.8,Grass,NULL,50.0,50.0,50,Gold,75,80,95,90,100,50,490,0,0,0,0,3,0,3,45,Medium Slow,1059860,Grass,NULL,20,pu,0.464,0.01934058612393688
760,Bewear,NULL,NULL,2.1,135.0,Normal,Fighting,50.0,50.0,50,Sun,120,125,80,55,60,60,500,0,2,0,0,0,0,2,70,Medium Fast,1000000,Field,NULL,15,nu,6.378,1.270759035857766
625,Bisharp,NULL,NULL,1.6,70.0,Dark,Steel,50.0,50.0,35,Black,65,125,100,60,70,70,490,0,2,0,0,0,0,2,45,Medium Fast,1000000,Human-Like,NULL,20,uu,9.857,3.308929090112734
806,Blacephalon,NULL,Sub-Legendary,1.8,13.0,Fire,Ghost,0.0,0.0,0,Ultra Sun,53,127,53,151,79,107,570,0,0,0,3,0,0,3,30,Slow,1250000,No Eggs Discovered,NULL,120,ou,2.034,4.054801160093022
9,Blastoise,NULL,NULL,1.6,85.5,Water,NULL,87.5,12.5,50,Red,79,83,100,85,105,78,530,0,0,0,0,3,0,3,45,Medium Slow,1059860,Monster,Water 1,20,nu,12.017,1.5101460486887262
257,Blaziken,NULL,NULL,1.9,52.0,Fire,Fighting,87.5,12.5,50,Ruby,80,120,70,110,70,80,530,0,3,0,0,0,0,3,45,Medium Slow,1059860,Field,NULL,20,ou,2.632,4.070912810901261
242,Blissey,NULL,NULL,1.5,46.8,Normal,NULL,0.0,100.0,140,Gold,255,10,10,75,135,55,540,3,0,0,0,0,0,3,30,Fast,800000,Fairy,NULL,40,ou,9.908,4.26694686094804
836,Boltund,NULL,NULL,1.0,34.0,Electric,NULL,50.0,50.0,50,Sword,69,90,60,90,60,121,490,0,0,0,0,0,2,2,45,Fast,800000,Field,NULL,20,pu,0.627,0.026134800324657127
626,Bouffalant,NULL,NULL,1.6,94.5,Normal,NULL,50.0,50.0,50,Black,95,110,95,40,95,55,490,0,2,0,0,0,0,2,45,Medium Fast,1000000,Field,NULL,20,pu,0.438,0.01825684664124648
628,Braviary,NULL,NULL,1.5,41.0,Normal,Flying,100.0,0.0,50,Black,100,123,75,57,75,80,510,0,2,0,0,0,0,2,60,Slow,1250000,Flying,NULL,20,pu,8.708,0.3629694662818419
437,Bronzong,NULL,NULL,1.3,187.0,Steel,Psychic,0.0,0.0,50,Diamond,67,89,116,79,116,33,500,0,0,1,0,1,0,2,90,Medium Fast,1000000,Mineral,NULL,20,nu,18.326,1.7779759043792907
12,Butterfree,NULL,NULL,1.1,32.0,Bug,Flying,50.0,50.0,50,Red,60,45,50,90,80,70,395,0,0,0,2,1,0,3,45,Medium Fast,1000000,Bug,NULL,15,pu,0.904,0.037680797531887134
794,Buzzwole,NULL,Sub-Legendary,2.4,333.6,Bug,Fighting,0.0,0.0,0,Sun,107,139,139,53,53,79,570,0,1,2,0,0,0,3,45,Slow,1250000,No Eggs Discovered,NULL,120,ou,2.852,4.076840174354148
898,Calyrex,NULL,Legendary,1.1,7.7,Psychic,Grass,0.0,0.0,0,Sword,100,80,80,80,80,80,500,3,0,0,0,0,0,3,3,Slow,1250000,No Eggs Discovered,NULL,120,pu,0.361,0.015047309955412515
703,Carbink,NULL,NULL,0.3,5.7,Rock,Fairy,0.0,0.0,50,X,50,50,150,50,150,50,500,0,0,1,0,1,0,2,60,Slow,1250000,Fairy,Mineral,25,pu,1.489,0.06206494148245301
565,Carracosta,NULL,NULL,1.2,81.0,Water,Rock,87.5,12.5,50,Black,74,108,133,83,65,32,495,0,0,2,0,0,0,2,45,Medium Fast,1000000,Water 1,Water 3,30,pu,0.863,0.035971822920033106
251,Celebi,NULL,Mythical,0.6,5.0,Psychic,Grass,0.0,0.0,100,Gold,100,100,100,100,100,100,600,3,0,0,0,0,0,3,45,Medium Slow,1059860,No Eggs Discovered,NULL,120,nu,6.159,1.2614620471949765
797,Celesteela,NULL,Sub-Legendary,9.2,999.9,Steel,Flying,0.0,0.0,0,Sun,97,101,103,107,101,61,570,0,1,1,1,0,0,3,45,Slow,1250000,No Eggs Discovered,NULL,120,uu,13.11,3.410881619267097
851,Centiskorch,NULL,NULL,3.0,120.0,Fire,Bug,50.0,50.0,50,Sword,100,115,65,90,90,65,525,0,2,0,0,0,0,2,75,Medium Fast,1000000,Bug,NULL,20,pu,2.345,0.09774499206682549
609,Chandelure,NULL,NULL,1.0,34.3,Ghost,Fire,50.0,50.0,50,Black,60,55,90,145,90,80,520,0,0,0,3,0,0,3,45,Medium Slow,1059860,Amorphous,NULL,20,ru,8.82,2.2740321714108207
113,Chansey,NULL,NULL,1.1,34.6,Normal,NULL,0.0,100.0,140,Red,250,5,5,35,105,50,450,2,0,0,0,0,0,2,30,Fast,800000,Fairy,NULL,40,uu,11.13,3.3488262844564805
6,Charizard,NULL,NULL,1.7,90.5,Fire,Flying,87.5,12.5,50,Red,78,84,78,109,85,100,534,0,0,0,3,0,0,3,45,Medium Slow,1059860,Monster,Dragon,20,pu,6.348,0.26459923535916485
573,Cinccino,NULL,NULL,0.5,7.5,Normal,NULL,25.0,75.0,50,Black,75,95,60,65,60,115,470,0,0,0,0,0,2,2,60,Fast,800000,Field,NULL,15,pu,2.444,0.10187153870194232
815,Cinderace,NULL,NULL,1.4,33.0,Fire,NULL,87.5,12.5,50,Sword,80,116,75,65,75,119,530,0,0,0,0,0,3,3,45,Medium Slow,1059860,Field,Human-Like,20,ou,14.219,4.383096223464211
693,Clawitzer,NULL,NULL,1.3,35.3,Water,NULL,50.0,50.0,50,X,71,73,88,120,89,59,500,0,0,0,2,0,0,2,55,Slow,1250000,Water 1,Water 3,15,pu,2.98,0.1242132514582977
344,Claydol,NULL,NULL,1.5,107.9,Ground,Psychic,0.0,0.0,50,Ruby,60,70,105,70,120,75,500,0,0,0,0,2,0,2,90,Medium Fast,1000000,Mineral,NULL,20,pu,9.268,0.3863115313940564
36,Clefable,NULL,NULL,1.3,40.0,Fairy,NULL,25.0,75.0,140,Red,95,70,73,95,90,60,483,3,0,0,0,0,0,3,25,Fast,800000,Fairy,NULL,10,ou,18.684,4.5033947474633695
35,Clefairy,NULL,NULL,0.6,7.5,Fairy,NULL,25.0,75.0,140,Red,70,45,48,60,65,35,323,2,0,0,0,0,0,2,150,Fast,800000,Fairy,NULL,20,pu,0.838,0.03492976644180925
91,Cloyster,NULL,NULL,1.5,132.5,Water,Ice,50.0,50.0,50,Red,50,95,180,85,45,70,525,0,0,2,0,0,0,2,60,Slow,1250000,Water 3,NULL,20,ru,10.388,2.322748998591622
839,Coalossal,NULL,NULL,2.8,310.5,Rock,Fire,50.0,50.0,50,Sword,110,80,120,80,90,30,510,0,0,3,0,0,0,3,45,Medium Slow,1059860,Mineral,NULL,15,pu,2.118,0.08828311030050183
638,Cobalion,NULL,Sub-Legendary,2.1,250.0,Steel,Fighting,0.0,0.0,35,Black,91,90,129,90,72,108,580,0,0,3,0,0,0,3,3,Slow,1250000,No Eggs Discovered,NULL,80,ru,14.595,2.4534580219160786
563,Cofagrigus,NULL,NULL,1.7,76.5,Ghost,NULL,50.0,50.0,50,Black,58,50,145,95,105,30,483,0,0,2,0,0,0,2,90,Medium Fast,1000000,Mineral,Amorphous,25,pu,4.393,0.18311034422830053
256,Combusken,NULL,NULL,0.9,19.5,Fire,Fighting,87.5,12.5,50,Ruby,60,85,60,85,60,55,405,0,1,0,1,0,0,2,45,Medium Slow,1059860,Field,NULL,20,pu,0.152,0.006335709226078817
764,Comfey,NULL,NULL,0.1,0.3,Fairy,NULL,25.0,75.0,50,Sun,51,52,90,82,110,100,485,0,0,0,0,2,0,2,60,Fast,800000,Grass,NULL,20,nu,9.513,1.4038461382748422
534,Conkeldurr,NULL,NULL,1.4,87.0,Fighting,NULL,75.0,25.0,50,Black,105,140,95,55,65,45,505,0,3,0,0,0,0,3,45,Medium Slow,1059860,Human-Like,NULL,20,uu,10.648,3.333719870278532
879,Copperajah,NULL,NULL,3.0,650.0,Steel,NULL,50.0,50.0,50,Sword,122,130,69,80,69,30,500,0,2,0,0,0,0,2,90,Medium Fast,1000000,Field,Mineral,25,nu,23.556,2.0
222,Corsola,NULL,NULL,0.6,5.0,Water,Rock,25.0,75.0,50,Gold,65,55,95,65,95,35,410,0,0,1,0,1,0,2,60,Fast,800000,Water 1,Water 3,20,pu,0.214,0.008920012024978469
823,Corviknight,NULL,NULL,2.2,75.0,Flying,Steel,50.0,50.0,50,Sword,98,87,105,53,85,67,495,0,0,3,0,0,0,3,45,Medium Slow,1059860,Flying,NULL,15,ou,15.887,4.428036415578345
346,Cradily,NULL,NULL,1.5,60.4,Rock,Grass,87.5,12.5,50,Ruby,86,81,97,81,107,43,495,0,0,0,0,2,0,2,45,Erratic,600000,Water 3,NULL,30,pu,0.869,0.03622191846237373
845,Cramorant,NULL,NULL,0.8,18.0,Flying,Water,50.0,50.0,50,Sword,70,85,55,85,95,85,475,0,0,0,0,2,0,2,45,Medium Fast,1000000,Water 1,Flying,20,pu,0.629,0.026218166333590205
342,Crawdaunt,NULL,NULL,1.1,32.8,Water,Dark,50.0,50.0,50,Ruby,63,120,85,90,55,55,468,0,2,0,0,0,0,2,155,Fluctuating,1640000,Water 1,Water 3,15,uu,5.476,3.1716237785708508
488,Cresselia,NULL,Sub-Legendary,1.5,85.6,Psychic,NULL,0.0,100.0,100,Diamond,120,70,110,75,120,85,580,0,0,0,0,3,0,3,3,Slow,1250000,No Eggs Discovered,NULL,120,nu,11.374,1.4828493680389385
169,Crobat,NULL,NULL,1.8,75.0,Poison,Flying,50.0,50.0,50,Gold,85,90,80,70,80,130,535,0,0,0,0,0,3,3,90,Medium Fast,1000000,Flying,NULL,15,ru,11.111,2.345212197122633
558,Crustle,NULL,NULL,1.4,200.0,Bug,Rock,50.0,50.0,50,Black,70,105,125,65,75,45,485,0,0,2,0,0,0,2,75,Medium Fast,1000000,Bug,Mineral,20,pu,1.504,0.06269017536938731
615,Cryogonal,NULL,NULL,1.1,148.0,Ice,NULL,0.0,0.0,50,Black,80,50,50,95,135,105,515,0,0,0,0,2,0,2,25,Medium Fast,1000000,Mineral,NULL,25,pu,1.482,0.06177316666233377
864,Cursola,NULL,NULL,1.0,0.4,Ghost,NULL,25.0,75.0,50,Sword,60,95,50,145,130,30,510,0,0,0,2,0,0,2,30,Fast,800000,Water 1,Water 3,20,pu,0.927,0.03863949048563653
555,Darmanitan,NULL,NULL,1.3,92.9,Fire,NULL,50.0,50.0,50,Black,105,140,55,30,55,95,480,0,2,0,0,0,0,2,60,Medium Slow,1059860,Field,NULL,20,ru,10.511,2.3265705403119243
724,Decidueye,NULL,NULL,1.6,36.6,Grass,Ghost,87.5,12.5,50,Sun,78,107,75,100,100,70,530,0,3,0,0,0,0,3,45,Medium Slow,1059860,Flying,NULL,15,nu,13.891,1.589701135081353
702,Dedenne,NULL,NULL,0.2,2.2,Electric,Fairy,50.0,50.0,50,X,67,58,57,81,67,101,431,0,0,0,0,0,2,2,180,Medium Fast,1000000,Field,Fairy,20,pu,0.171,0.007127673267535329
781,Dhelmise,NULL,NULL,3.9,210.0,Ghost,Grass,0.0,0.0,50,Sun,70,131,100,86,90,40,517,0,2,0,0,0,0,2,25,Medium Fast,1000000,Mineral,NULL,25,nu,8.76,1.3718797894240449
719,Diancie,Mega,Mythical,1.1,27.8,Rock,Fairy,0.0,0.0,70,Omega Ruby,50,160,110,160,110,110,700,0,0,1,0,2,0,3,3,Slow,1250000,No Eggs Discovered,NULL,25,nu,9.165,1.389072850095157
660,Diggersby,NULL,NULL,1.0,42.4,Normal,Ground,50.0,50.0,50,X,85,56,77,50,77,78,423,2,0,0,0,0,0,2,127,Medium Fast,1000000,Field,NULL,15,uu,2.278,3.071394996262955
132,Ditto,NULL,NULL,0.3,4.0,Normal,NULL,0.0,0.0,50,Red,48,48,48,48,48,48,288,1,0,0,0,0,0,1,35,Medium Fast,1000000,Ditto,NULL,20,pu,1.337,0.05572923411971815
680,Doublade,NULL,NULL,0.8,4.5,Steel,Ghost,50.0,50.0,50,X,59,110,150,45,49,35,448,0,0,2,0,0,0,2,90,Medium Fast,1000000,Mineral,NULL,20,ru,5.491,2.1706021262320343
880,Dracozolt,NULL,NULL,1.8,190.0,Electric,Dragon,0.0,0.0,50,Sword,90,100,90,80,70,75,505,0,2,0,0,0,0,2,45,Slow,1250000,No Eggs Discovered,NULL,35,ou,2.252,4.06067464233617
691,Dragalge,NULL,NULL,1.8,81.5,Poison,Dragon,50.0,50.0,50,X,65,75,90,97,123,44,494,0,0,0,0,2,0,2,55,Medium Fast,1000000,Water 1,Dragon,20,nu,11.777,1.4999575712899493
887,Dragapult,NULL,NULL,3.0,50.0,Dragon,Ghost,50.0,50.0,50,Sword,88,120,75,100,75,142,600,0,0,0,0,0,3,3,45,Slow,1250000,Amorphous,Dragon,40,ou,20.131,4.542380641943353
149,Dragonite,NULL,NULL,2.2,210.0,Dragon,Flying,50.0,50.0,35,Red,91,134,95,100,100,80,600,0,3,0,0,0,0,3,45,Slow,1250000,Water 1,Dragon,40,ou,6.556,4.1766354141946485
886,Drakloak,NULL,NULL,1.4,11.0,Dragon,Ghost,50.0,50.0,50,Sword,68,80,50,60,50,102,410,0,0,0,0,0,2,2,45,Slow,1250000,Amorphous,Dragon,40,pu,0.108,0.00450168839584112
780,Drampa,NULL,NULL,3.0,185.0,Normal,Dragon,50.0,50.0,50,Sun,78,60,85,135,91,36,485,0,0,0,2,0,0,2,70,Medium Fast,1000000,Monster,Dragon,20,pu,1.589,0.06623317236426568
452,Drapion,NULL,NULL,1.3,61.5,Poison,Dark,50.0,50.0,50,Diamond,70,90,110,60,75,95,500,0,0,2,0,0,0,2,45,Slow,1250000,Bug,Water 3,20,nu,11.476,1.4871794851033122
834,Drednaw,NULL,NULL,1.0,115.5,Water,Rock,50.0,50.0,50,Sword,90,115,90,48,68,74,485,0,2,0,0,0,0,2,75,Medium Fast,1000000,Monster,Water 1,20,pu,0.218,0.009086740937271355
426,Drifblim,NULL,NULL,1.2,15.0,Ghost,Flying,50.0,50.0,50,Diamond,150,80,44,90,54,80,498,2,0,0,0,0,0,2,60,Fluctuating,1640000,Amorphous,NULL,30,pu,0.797,0.03322079182995522
621,Druddigon,NULL,NULL,1.6,139.0,Dragon,NULL,50.0,50.0,50,Black,77,120,90,60,90,48,485,0,2,0,0,0,0,2,45,Medium Fast,1000000,Dragon,Monster,30,pu,9.803,0.40861159468613656
832,Dubwool,NULL,NULL,1.3,43.0,Normal,NULL,50.0,50.0,50,Sword,72,80,100,60,90,88,490,0,0,2,0,0,0,2,127,Medium Fast,1000000,Field,NULL,15,pu,0.864,0.03601350716672896
51,Dugtrio,Alola,NULL,0.7,66.6,Ground,Steel,50.0,50.0,50,Sun,35,100,60,50,70,110,425,0,2,0,0,0,0,2,50,Medium Fast,1000000,Field,NULL,20,pu,0.475,0.019799091719692963
578,Duosion,NULL,NULL,0.6,8.0,Psychic,NULL,50.0,50.0,50,Black,65,40,50,125,60,30,370,0,0,0,2,0,0,2,100,Medium Slow,1059860,Amorphous,NULL,20,pu,0.558,0.02325872394786755
884,Duraludon,NULL,NULL,1.8,40.0,Steel,Dragon,50.0,50.0,50,Sword,70,95,115,120,50,85,535,0,0,0,2,0,0,2,45,Medium Fast,1000000,Mineral,Dragon,30,pu,0.351,0.01463048736412297
632,Durant,NULL,NULL,0.3,33.0,Bug,Steel,50.0,50.0,50,Black,58,109,112,48,48,109,484,0,0,2,0,0,0,2,90,Medium Fast,1000000,Bug,NULL,20,ru,2.538,2.0788541614937457
356,Dusclops,NULL,NULL,1.6,30.6,Ghost,NULL,50.0,50.0,35,Ruby,40,70,130,60,130,25,455,0,0,1,0,1,0,2,90,Fast,800000,Amorphous,NULL,25,pu,0.45,0.018757033999239794
477,Dusknoir,NULL,NULL,2.2,106.6,Ghost,NULL,50.0,50.0,35,Diamond,45,100,135,65,135,45,525,0,0,1,0,2,0,3,45,Fast,800000,Amorphous,NULL,25,pu,1.607,0.0669834540223703
875,Eiscue,NULL,NULL,1.4,89.0,Ice,NULL,50.0,50.0,50,Sword,75,80,110,65,90,50,470,0,0,2,0,0,0,2,60,Slow,1250000,Water 1,Field,25,pu,0.848,0.03534658903309879
830,Eldegoss,NULL,NULL,0.5,2.5,Grass,NULL,50.0,50.0,50,Sword,60,50,90,80,120,60,460,0,0,0,0,2,0,2,75,Medium Fast,1000000,Grass,NULL,20,pu,0.863,0.035971822920033106
125,Electabuzz,NULL,NULL,1.1,30.0,Electric,NULL,75.0,25.0,50,Red,65,83,57,95,85,105,490,0,0,0,0,0,2,2,45,Medium Fast,1000000,Human-Like,NULL,25,pu,0.113,0.004710099691485892
466,Electivire,NULL,NULL,1.8,138.6,Electric,NULL,75.0,25.0,50,Diamond,75,123,67,95,85,95,540,0,3,0,0,0,0,3,30,Medium Fast,1000000,Human-Like,NULL,25,pu,1.32,0.055020636708309374
587,Emolga,NULL,NULL,0.4,5.0,Electric,Flying,50.0,50.0,50,Black,55,75,60,75,60,103,428,0,0,0,0,0,2,2,200,Medium Fast,1000000,Field,NULL,20,pu,0.136,0.005668792955792617
244,Entei,NULL,Sub-Legendary,2.1,198.0,Fire,NULL,0.0,0.0,35,Gold,115,115,85,90,75,100,580,1,2,0,0,0,0,3,3,Slow,1250000,No Eggs Discovered,NULL,80,ru,3.764,2.1169452508110647
589,Escavalier,NULL,NULL,1.0,33.0,Bug,Steel,50.0,50.0,50,Black,70,135,105,60,105,20,495,0,2,0,0,0,0,2,75,Medium Fast,1000000,Bug,NULL,15,nu,8.415,1.3572338278599219
196,Espeon,NULL,NULL,0.9,26.5,Psychic,NULL,87.5,12.5,50,Gold,65,65,60,130,95,110,525,0,0,0,2,0,0,2,45,Medium Fast,1000000,Field,NULL,35,nu,7.667,1.3254797035301982
530,Excadrill,NULL,NULL,0.7,40.4,Ground,Steel,50.0,50.0,50,Black,110,135,60,50,65,88,508,0,2,0,0,0,0,2,60,Medium Fast,1000000,Field,NULL,20,ou,8.401,4.226344427398192
103,Exeggutor,NULL,NULL,2.0,120.0,Grass,Psychic,50.0,50.0,50,Red,95,95,85,125,75,55,530,0,0,0,2,0,0,2,45,Slow,1250000,Grass,NULL,20,pu,1.08,0.04501688457952585
295,Exploud,NULL,NULL,1.5,84.0,Normal,NULL,50.0,50.0,50,Ruby,104,91,63,91,73,68,490,3,0,0,0,0,0,3,45,Medium Slow,1059860,Monster,Field,20,pu,0.401,0.016714601562799997
870,Falinks,NULL,NULL,3.0,62.0,Fighting,NULL,0.0,0.0,50,Sword,60,100,100,70,60,75,465,0,2,0,0,1,0,3,45,Medium Fast,1000000,Fairy,Mineral,25,pu,0.608,0.02534283690431527
597,Ferroseed,NULL,NULL,0.6,18.8,Grass,Steel,50.0,50.0,50,Black,44,50,91,24,86,10,305,0,0,1,0,0,0,1,255,Medium Fast,1000000,Grass,Mineral,20,pu,2.302,0.09595265393049701
598,Ferrothorn,NULL,NULL,1.0,110.0,Grass,Steel,50.0,50.0,50,Black,74,94,131,54,116,20,489,0,0,2,0,0,0,2,90,Medium Fast,1000000,Grass,Mineral,20,ou,19.378,4.522092889047258
841,Flapple,NULL,NULL,0.3,1.0,Grass,Dragon,50.0,50.0,50,Sword,70,110,80,95,60,70,485,0,2,0,0,0,0,2,45,Erratic,600000,Grass,Dragon,20,pu,1.406,0.05860531298096634
136,Flareon,NULL,NULL,0.9,25.0,Fire,NULL,87.5,12.5,50,Red,65,130,60,95,110,65,525,0,2,0,0,0,0,2,45,Medium Fast,1000000,Field,NULL,35,pu,0.623,0.025968073275708204
330,Flygon,NULL,NULL,2.0,82.0,Ground,Dragon,50.0,50.0,50,Ruby,80,100,80,80,80,100,520,0,1,0,0,0,2,3,45,Medium Slow,1059860,Bug,Dragon,20,nu,20.056,1.8514178962355694
611,Fraxure,NULL,NULL,1.0,36.0,Dragon,NULL,50.0,50.0,35,Black,66,117,70,40,50,67,410,0,2,0,0,0,0,2,60,Slow,1250000,Monster,Dragon,40,pu,0.208,0.008669918345981811
478,Froslass,NULL,NULL,1.3,26.6,Ice,Ghost,0.0,100.0,50,Diamond,70,80,70,80,70,110,480,0,0,0,0,0,2,2,75,Medium Fast,1000000,Fairy,Mineral,20,pu,3.197,0.13325831063333182
873,Frosmoth,NULL,NULL,1.3,42.0,Ice,Bug,50.0,50.0,50,Sword,70,65,60,125,90,65,475,0,0,0,2,0,0,2,75,Medium Fast,1000000,Bug,NULL,20,pu,2.428,0.10120462056831216
444,Gabite,NULL,NULL,1.4,56.0,Dragon,Ground,50.0,50.0,50,Diamond,68,90,65,50,55,82,410,0,2,0,0,0,0,2,45,Slow,1250000,Monster,Dragon,40,pu,0.106,0.004418323629137349
475,Gallade,NULL,NULL,1.6,52.0,Psychic,Fighting,100.0,0.0,35,Diamond,68,125,65,65,115,80,518,0,3,0,0,0,0,3,45,Slow,1250000,Human-Like,Amorphous,20,pu,2.958,0.12329623778232691
596,Galvantula,NULL,NULL,0.8,14.3,Bug,Electric,50.0,50.0,50,Black,70,77,60,97,60,108,472,0,0,0,0,0,2,2,75,Medium Fast,1000000,Bug,NULL,20,pu,7.06,0.2942770277097831
569,Garbodor,NULL,NULL,1.9,107.3,Poison,NULL,50.0,50.0,50,Black,80,95,82,60,82,75,474,0,2,0,0,0,0,2,60,Medium Fast,1000000,Mineral,NULL,20,pu,3.76,0.15672544339238553
445,Garchomp,NULL,NULL,1.9,95.0,Dragon,Ground,50.0,50.0,50,Diamond,108,130,95,80,85,102,600,0,3,0,0,0,0,3,45,Slow,1250000,Monster,Dragon,40,ou,19.133,4.515491939812967
282,Gardevoir,NULL,NULL,1.6,48.4,Psychic,Fairy,50.0,50.0,35,Ruby,68,65,65,125,115,80,518,0,0,0,3,0,0,3,45,Slow,1250000,Human-Like,Amorphous,20,ru,5.799,2.1801714918884056
423,Gastrodon,NULL,NULL,0.9,29.9,Water,Ground,50.0,50.0,50,Diamond,111,83,68,92,82,39,475,2,0,0,0,0,0,2,75,Medium Fast,1000000,Water 1,Amorphous,20,nu,9.119,1.3871200768121594
94,Gengar,NULL,NULL,1.5,40.5,Ghost,Poison,50.0,50.0,50,Red,60,65,60,130,75,110,500,0,0,0,3,0,0,3,45,Medium Slow,1059860,Amorphous,NULL,20,ou,1.734,4.046718394084033
526,Gigalith,NULL,NULL,1.7,260.0,Rock,NULL,50.0,50.0,50,Black,85,135,130,60,80,25,515,0,3,0,0,0,0,3,45,Medium Slow,1059860,Mineral,NULL,15,pu,9.638,0.40173397720960397
471,Glaceon,NULL,NULL,0.8,25.9,Ice,NULL,87.5,12.5,35,Diamond,65,60,110,130,95,65,525,0,0,0,2,0,0,2,45,Medium Fast,1000000,Field,NULL,35,pu,0.71,0.029594431310602406
896,Glastrier,NULL,Sub-Legendary,2.2,800.0,Ice,NULL,0.0,0.0,0,Sword,100,145,130,65,110,30,580,0,3,0,0,0,0,3,3,Slow,1250000,No Eggs Discovered,NULL,120,ru,3.34,2.1037718209365552
44,Gloom,NULL,NULL,0.8,8.6,Grass,Poison,50.0,50.0,50,Red,60,65,70,85,75,40,395,0,0,0,2,0,0,2,120,Medium Slow,1059860,Grass,NULL,20,pu,0.407,0.01696469586291131
42,Golbat,NULL,NULL,1.6,55.0,Poison,Flying,50.0,50.0,50,Red,75,80,70,65,75,95,460,0,0,0,0,0,2,2,90,Medium Fast,1000000,Flying,NULL,15,pu,2.113,0.08807469403593982
55,Golduck,NULL,NULL,1.7,76.6,Water,NULL,50.0,50.0,50,Red,80,82,78,95,80,85,500,0,0,0,2,0,0,2,75,Medium Fast,1000000,Water 1,Field,20,pu,0.335,0.013963570472722115
768,Golisopod,NULL,NULL,2.0,108.0,Bug,Water,50.0,50.0,50,Sun,75,125,140,60,90,40,530,0,0,2,0,0,0,2,45,Medium Fast,1000000,Bug,Water 3,20,nu,12.252,1.5201222610810188
623,Golurk,NULL,NULL,2.8,330.0,Ground,Ghost,0.0,0.0,50,Black,89,124,80,55,80,55,483,0,2,0,0,0,0,2,90,Medium Fast,1000000,Mineral,NULL,25,nu,7.662,1.3252674587664193
706,Goodra,NULL,NULL,2.0,150.5,Dragon,NULL,50.0,50.0,35,X,90,100,70,110,150,80,600,0,0,0,0,3,0,3,45,Slow,1250000,Dragon,NULL,40,nu,6.73,1.2857021603338847
576,Gothitelle,NULL,NULL,1.5,44.0,Psychic,NULL,25.0,75.0,50,Black,70,55,95,95,110,65,490,0,0,0,0,3,0,3,50,Medium Slow,1059860,Human-Like,NULL,20,pu,0.299,0.012463007156512863
711,Gourgeist,NULL,NULL,0.9,12.5,Ghost,Grass,50.0,50.0,50,X,65,90,122,58,75,84,494,0,0,2,0,0,0,2,60,Medium Fast,1000000,Amorphous,NULL,20,pu,0.195,0.008128047983521958
853,Grapploct,NULL,NULL,1.6,39.0,Fighting,NULL,50.0,50.0,50,Sword,80,118,90,70,80,42,480,0,2,0,0,0,0,2,45,Medium Slow,1059860,Water 1,Human-Like,25,pu,0.155,0.006460756376134473
820,Greedent,NULL,NULL,0.6,6.0,Normal,NULL,50.0,50.0,50,Sword,120,95,95,55,75,20,460,2,0,0,0,0,0,2,90,Medium Fast,1000000,Field,NULL,20,pu,0.175,0.007294402179828215
861,Grimmsnarl,NULL,NULL,1.5,61.0,Dark,Fairy,100.0,0.0,50,Sword,95,120,65,95,75,60,510,0,3,0,0,0,0,3,45,Medium Fast,1000000,Fairy,Human-Like,20,uu,10.141,3.317829940920433
533,Gurdurr,NULL,NULL,1.2,40.0,Fighting,NULL,75.0,25.0,50,Black,85,105,85,40,50,40,405,0,2,0,0,0,0,2,90,Medium Slow,1059860,Human-Like,NULL,20,pu,1.784,0.07436122283224625
799,Guzzlord,NULL,Sub-Legendary,5.5,888.0,Dark,Dragon,0.0,0.0,0,Sun,223,101,53,97,53,43,570,3,0,0,0,0,0,3,45,Slow,1250000,No Eggs Discovered,NULL,120,pu,8.118,0.3383769035822554
130,Gyarados,NULL,NULL,6.5,235.0,Water,Flying,50.0,50.0,50,Red,95,125,79,60,100,81,540,0,2,0,0,0,0,2,45,Slow,1250000,Water 2,Dragon,5,uu,9.802,3.3072053208493766
783,Hakamo-o,NULL,NULL,1.2,47.0,Dragon,Fighting,50.0,50.0,50,Sun,55,75,90,65,70,65,420,0,0,2,0,0,0,2,45,Slow,1250000,Dragon,NULL,40,pu,0.109,0.004543370468635678
858,Hatterene,NULL,NULL,2.1,5.1,Psychic,Fairy,0.0,100.0,50,Sword,57,90,95,136,103,29,510,0,0,0,3,0,0,3,45,Slow,1250000,Fairy,NULL,20,uu,7.845,3.2458708086466075
857,Hattrem,NULL,NULL,0.6,4.8,Psychic,NULL,0.0,100.0,50,Sword,57,40,65,86,73,49,370,0,0,0,2,0,0,2,120,Slow,1250000,Fairy,NULL,20,pu,0.19,0.007919636687877185
93,Haunter,NULL,NULL,1.6,0.1,Ghost,Poison,50.0,50.0,50,Red,45,50,45,115,55,95,405,0,0,0,2,0,0,2,90,Medium Slow,1059860,Amorphous,NULL,20,pu,1.661,0.06923429899668418
701,Hawlucha,NULL,NULL,0.8,21.5,Fighting,Flying,50.0,50.0,50,X,78,92,75,74,63,118,500,0,2,0,0,0,0,2,100,Medium Fast,1000000,Flying,Human-Like,20,ou,5.49,4.147914635308231
612,Haxorus,NULL,NULL,1.8,105.5,Dragon,NULL,50.0,50.0,35,Black,76,147,90,60,70,97,540,0,3,0,0,0,0,3,45,Slow,1250000,Monster,Dragon,40,uu,1.999,3.0626508283160843
631,Heatmor,NULL,NULL,1.4,58.0,Fire,NULL,50.0,50.0,50,Black,85,97,66,105,66,65,484,0,0,0,2,0,0,2,90,Medium Fast,1000000,Field,NULL,20,pu,0.14,0.005835521868085503
485,Heatran,NULL,Sub-Legendary,1.7,430.0,Fire,Steel,50.0,50.0,100,Diamond,91,90,106,130,106,77,600,0,0,0,3,0,0,3,3,Slow,1250000,No Eggs Discovered,NULL,10,ou,19.048,4.513201847079731
695,Heliolisk,NULL,NULL,1.0,21.0,Electric,Normal,50.0,50.0,50,X,62,55,52,109,94,109,481,0,0,0,1,0,1,2,75,Medium Fast,1000000,Monster,Dragon,20,pu,12.227,0.5096494782676653
214,Heracross,NULL,NULL,1.5,54.0,Bug,Fighting,50.0,50.0,50,Gold,80,125,75,40,95,85,500,0,2,0,0,0,0,2,45,Slow,1250000,Bug,NULL,25,ru,10.458,2.3249238773185996
449,Hippopotas,NULL,NULL,0.8,49.5,Ground,NULL,50.0,50.0,50,Diamond,68,72,78,38,42,32,330,0,0,1,0,0,0,1,140,Slow,1250000,Field,NULL,30,pu,0.101,0.004209912333492577
450,Hippowdon,NULL,NULL,2.0,300.0,Ground,NULL,50.0,50.0,50,Diamond,108,112,118,68,72,47,525,0,0,2,0,0,0,2,60,Slow,1250000,Field,NULL,30,ou,7.618,4.205248404967164
107,Hitmonchan,NULL,NULL,1.4,50.2,Fighting,NULL,100.0,0.0,50,Red,50,105,79,35,110,76,455,0,0,0,0,2,0,2,45,Medium Fast,1000000,Human-Like,NULL,25,pu,1.16,0.048351465309842204
106,Hitmonlee,NULL,NULL,1.5,49.8,Fighting,NULL,100.0,0.0,50,Red,50,120,53,35,110,87,455,0,2,0,0,0,0,2,45,Medium Fast,1000000,Human-Like,NULL,25,pu,7.535,0.31407611570278815
237,Hitmontop,NULL,NULL,1.4,48.0,Fighting,NULL,100.0,0.0,50,Gold,50,95,95,35,110,70,455,0,0,0,0,2,0,2,45,Medium Fast,1000000,Human-Like,NULL,25,pu,9.316,0.3883122957327813
635,Hydreigon,NULL,NULL,1.8,160.0,Dark,Dragon,50.0,50.0,35,Black,92,105,90,125,90,98,600,0,0,0,3,0,0,3,45,Slow,1250000,Dragon,NULL,40,ou,8.954,4.241243673904033
727,Incineroar,NULL,NULL,1.8,83.0,Fire,Dark,87.5,12.5,50,Sun,95,115,90,80,90,60,530,0,3,0,0,0,0,3,45,Medium Slow,1059860,Field,NULL,15,ru,9.987,2.310290194796552
876,Indeedee,NULL,NULL,0.9,28.0,Psychic,Normal,100.0,0.0,140,Sword,60,65,55,105,95,95,475,0,0,0,2,0,0,2,30,Fast,800000,Fairy,NULL,40,ru,1.773,2.0550860609121306
818,Inteleon,NULL,NULL,1.9,45.2,Water,NULL,87.5,12.5,50,Sword,70,85,65,125,65,120,530,0,0,0,0,0,3,3,45,Medium Slow,1059860,Water 1,Field,20,nu,5.219,1.2215571368976905
593,Jellicent,NULL,NULL,2.2,135.0,Water,Ghost,50.0,50.0,50,Black,100,60,70,85,105,60,480,0,0,0,0,2,0,2,60,Medium Fast,1000000,Amorphous,NULL,20,pu,3.462,0.14430411427142198
385,Jirachi,NULL,Mythical,0.3,1.1,Steel,Psychic,0.0,0.0,100,Ruby,100,100,100,100,100,100,600,3,0,0,0,0,0,3,3,Slow,1250000,No Eggs Discovered,NULL,120,uu,12.654,3.396590103916936
135,Jolteon,NULL,NULL,0.8,24.5,Electric,NULL,87.5,12.5,50,Red,65,65,60,110,95,130,525,0,0,0,0,0,2,2,45,Medium Fast,1000000,Field,NULL,35,pu,9.129,0.38051769439378136
124,Jynx,NULL,NULL,1.4,40.6,Ice,Psychic,0.0,100.0,50,Red,65,50,35,115,95,95,455,0,0,0,2,0,0,2,45,Medium Fast,1000000,Human-Like,NULL,25,pu,0.787,0.03280396923866568
141,Kabutops,NULL,NULL,1.3,40.5,Rock,Water,87.5,12.5,50,Red,60,115,105,65,70,80,495,0,2,0,0,0,0,2,45,Medium Fast,1000000,Water 1,Water 3,30,pu,2.048,0.08536535216147502
64,Kadabra,NULL,NULL,1.3,56.5,Psychic,NULL,75.0,25.0,50,Red,40,35,30,120,70,105,400,0,0,0,2,0,0,2,100,Medium Slow,1059860,Human-Like,NULL,20,pu,0.639,0.02663498892487975
115,Kangaskhan,NULL,NULL,2.2,80.0,Normal,NULL,0.0,100.0,50,Red,105,95,80,40,80,90,490,2,0,0,0,0,0,2,45,Medium Fast,1000000,Monster,NULL,20,pu,0.854,0.0355966820909808
798,Kartana,NULL,Sub-Legendary,0.3,0.1,Grass,Steel,0.0,0.0,0,Sun,59,181,131,59,31,109,570,0,3,0,0,0,0,3,45,Slow,1250000,No Eggs Discovered,NULL,120,ou,11.983,4.3228526629239825
647,Keldeo,NULL,Mythical,1.4,48.5,Water,Fighting,0.0,0.0,35,Black,91,72,90,129,90,108,580,0,0,0,3,0,0,3,3,Slow,1250000,No Eggs Discovered,NULL,80,uu,9.592,3.30062369171287
230,Kingdra,NULL,NULL,1.8,152.0,Water,Dragon,50.0,50.0,50,Gold,75,95,95,95,95,85,540,0,1,0,1,1,0,3,45,Medium Fast,1000000,Water 1,Dragon,20,pu,0.189,0.0078779543045253
99,Kingler,NULL,NULL,1.3,60.0,Water,NULL,50.0,50.0,50,Red,55,130,115,50,50,75,475,0,2,0,0,0,0,2,60,Medium Fast,1000000,Water 3,NULL,20,pu,4.076,0.16989705914037095
707,Klefki,NULL,NULL,0.2,3.0,Steel,Fairy,50.0,50.0,50,X,57,80,91,80,87,75,470,0,0,1,0,0,0,1,75,Fast,800000,Mineral,NULL,20,ru,11.634,2.361461490296677
601,Klinklang,NULL,NULL,0.6,81.0,Steel,NULL,0.0,0.0,50,Black,60,100,115,70,85,90,520,0,0,3,0,0,0,3,30,Medium Slow,1059860,Mineral,NULL,20,pu,1.29,0.053770163965523504
784,Kommo-o,NULL,NULL,1.6,78.2,Dragon,Fighting,50.0,50.0,50,Sun,75,110,125,100,105,85,600,0,0,3,0,0,0,3,45,Slow,1250000,Dragon,NULL,40,uu,24.756,3.775879927240151
553,Krookodile,NULL,NULL,1.5,96.3,Ground,Dark,50.0,50.0,50,Black,95,117,80,65,70,92,519,0,3,0,0,0,0,3,45,Medium Slow,1059860,Field,NULL,20,uu,23.973,3.751339827696003
646,Kyurem,NULL,Legendary,3.0,325.0,Dragon,Ice,0.0,0.0,0,Black,125,130,90,130,90,95,660,1,1,0,1,0,0,3,3,Slow,1250000,No Eggs Discovered,NULL,120,uu,9.41,3.2949196091426725
171,Lanturn,NULL,NULL,1.2,22.5,Water,Electric,50.0,50.0,50,Gold,125,58,58,76,76,67,460,2,0,0,0,0,0,2,75,Slow,1250000,Water 2,NULL,20,pu,11.092,0.4623400594982125
131,Lapras,NULL,NULL,2.5,220.0,Water,Ice,50.0,50.0,50,Red,130,85,80,85,95,60,535,2,0,0,0,0,0,2,45,Slow,1250000,Monster,Water 1,40,pu,0.635,0.02646825939147221
380,Latias,NULL,Sub-Legendary,1.4,40.0,Dragon,Psychic,0.0,100.0,90,Ruby,80,80,90,110,130,110,600,0,0,0,0,3,0,3,3,Slow,1250000,No Eggs Discovered,NULL,120,uu,7.243,3.2270034827479903
381,Latios,NULL,Sub-Legendary,2.0,60.0,Dragon,Psychic,100.0,0.0,90,Ruby,80,90,80,130,110,110,600,0,0,0,3,0,0,3,3,Slow,1250000,No Eggs Discovered,NULL,120,ou,4.065,4.109521498371436
470,Leafeon,NULL,NULL,1.0,25.5,Grass,NULL,87.5,12.5,35,Diamond,65,110,130,60,65,95,525,0,0,2,0,0,0,2,45,Medium Fast,1000000,Field,NULL,35,pu,0.516,0.021508065089317678
463,Lickilicky,NULL,NULL,1.7,140.0,Normal,NULL,50.0,50.0,50,Diamond,110,85,95,80,95,50,515,3,0,0,0,0,0,3,30,Medium Fast,1000000,Monster,NULL,20,pu,1.113,0.04639240012456479
510,Liepard,NULL,NULL,1.1,37.5,Dark,NULL,50.0,50.0,50,Black,64,88,50,88,50,106,446,0,0,0,0,0,2,2,90,Medium Fast,1000000,Field,NULL,20,pu,1.486,0.061939893711282695
549,Lilligant,NULL,NULL,1.1,16.3,Grass,NULL,0.0,100.0,50,Black,70,60,75,110,75,90,480,0,0,0,2,0,0,2,75,Medium Fast,1000000,Grass,NULL,20,pu,0.5,0.02084114944014613
264,Linoone,NULL,NULL,0.5,32.5,Normal,NULL,50.0,50.0,50,Ruby,78,70,61,50,61,100,420,0,0,0,0,0,2,2,90,Medium Fast,1000000,Field,NULL,15,ru,1.246,2.0387124842975304
448,Lucario,NULL,NULL,1.2,54.0,Fighting,Steel,87.5,12.5,50,Diamond,70,110,70,115,70,90,525,0,1,0,1,0,0,2,45,Medium Slow,1059860,Field,Human-Like,25,ru,4.1,2.1273845709212367
272,Ludicolo,NULL,NULL,1.5,55.0,Water,Grass,50.0,50.0,50,Ruby,80,70,70,90,100,70,480,0,0,0,0,3,0,3,45,Medium Slow,1059860,Water 1,Grass,15,pu,0.896,0.03734734094953067
337,Lunatone,NULL,NULL,1.0,168.0,Rock,Psychic,0.0,0.0,50,Ruby,90,55,65,95,85,70,460,0,0,0,2,0,0,2,45,Fast,800000,Mineral,NULL,25,pu,0.178,0.007419449329883871
754,Lurantis,NULL,NULL,0.9,18.5,Grass,NULL,50.0,50.0,50,Sun,70,105,90,80,90,45,480,0,2,0,0,0,0,2,75,Medium Fast,1000000,Grass,NULL,20,pu,1.39,0.05793839484733618
405,Luxray,NULL,NULL,1.4,42.0,Electric,NULL,50.0,50.0,50,Diamond,80,120,79,95,79,70,523,0,3,0,0,0,0,3,45,Medium Slow,1059860,Field,NULL,20,pu,0.327,0.013630111405907032
745,Lycanroc,NULL,NULL,0.8,25.0,Rock,NULL,50.0,50.0,50,Sun,75,115,65,55,65,112,487,0,2,0,0,0,0,2,90,Medium Fast,1000000,Field,NULL,15,pu,4.809,0.2004501759513469
68,Machamp,NULL,NULL,1.6,130.0,Fighting,NULL,75.0,25.0,50,Red,90,130,80,65,85,55,505,0,3,0,0,0,0,3,45,Medium Slow,1059860,Human-Like,NULL,20,pu,0.341,0.014213663530604118
801,Magearna,NULL,Mythical,1.0,80.5,Steel,Fairy,0.0,0.0,0,Sun,80,95,115,130,115,65,600,0,0,0,3,0,0,3,3,Slow,1250000,No Eggs Discovered,NULL,120,ou,14.856,4.400258634945631
467,Magmortar,NULL,NULL,1.6,68.0,Fire,NULL,75.0,25.0,50,Diamond,75,95,67,125,95,83,540,0,0,0,3,0,0,3,30,Medium Fast,1000000,Human-Like,NULL,25,pu,3.349,0.1395940179960667
82,Magneton,NULL,NULL,1.0,60.0,Electric,Steel,0.0,0.0,50,Red,50,60,95,120,70,70,465,0,0,0,2,0,0,2,60,Medium Fast,1000000,Mineral,NULL,20,pu,2.539,0.10583135828811023
462,Magnezone,NULL,NULL,1.2,180.0,Electric,Steel,0.0,0.0,50,Diamond,70,70,115,130,90,60,535,0,0,0,3,0,0,3,30,Medium Fast,1000000,Mineral,NULL,20,ru,6.423,2.19955880489731
687,Malamar,NULL,NULL,1.5,47.0,Dark,Psychic,50.0,50.0,50,X,86,92,88,68,75,73,482,0,2,0,0,0,0,2,80,Medium Fast,1000000,Water 1,Water 2,20,pu,1.346,0.056104372464311845
473,Mamoswine,NULL,NULL,2.5,291.0,Ice,Ground,50.0,50.0,50,Diamond,110,130,80,70,60,80,530,0,3,0,0,0,0,3,50,Slow,1250000,Field,NULL,20,uu,6.464,3.2025887832930438
630,Mandibuzz,NULL,NULL,1.2,39.5,Dark,Flying,0.0,100.0,35,Black,110,65,105,55,95,80,510,0,0,0,2,0,0,2,60,Slow,1250000,Flying,NULL,20,ou,12.046,4.324550036655667
310,Manectric,NULL,NULL,1.5,40.2,Electric,NULL,50.0,50.0,50,Ruby,70,75,60,105,60,105,475,0,0,0,0,0,2,2,45,Slow,1250000,Field,NULL,20,pu,0.89,0.037097245407190046
226,Mantine,NULL,NULL,2.1,220.0,Water,Flying,50.0,50.0,50,Gold,85,40,70,80,140,70,485,0,0,0,0,2,0,2,25,Slow,1250000,Water 1,NULL,25,nu,10.38,1.4406520725939034
556,Maractus,NULL,NULL,1.0,28.0,Grass,NULL,50.0,50.0,50,Black,75,86,67,106,67,60,461,0,0,0,2,0,0,2,255,Medium Fast,1000000,Grass,NULL,20,pu,0.159,0.00662748528842736
747,Mareanie,NULL,NULL,0.4,8.0,Poison,Water,50.0,50.0,50,Sun,50,53,62,43,52,45,305,0,0,1,0,0,0,1,190,Medium Fast,1000000,Water 1,NULL,20,pu,0.178,0.007419449329883871
105,Marowak,NULL,NULL,1.0,45.0,Ground,NULL,50.0,50.0,50,Red,60,80,110,50,80,45,425,0,0,2,0,0,0,2,75,Medium Fast,1000000,Monster,NULL,20,pu,0.973,0.04055687639313533
303,Mawile,NULL,NULL,0.6,11.5,Steel,Fairy,50.0,50.0,50,Ruby,50,85,85,55,55,50,380,0,1,1,0,0,0,2,45,Fast,800000,Field,Fairy,20,pu,1.098,0.045767166237630476
809,Melmetal,NULL,Mythical,2.5,800.0,Steel,NULL,0.0,0.0,0,Pok√©mon GO,135,143,143,80,65,34,600,0,3,0,0,0,0,3,3,Slow,1250000,No Eggs Discovered,NULL,120,ou,8.108,4.218450252046895
678,Meowstic,NULL,NULL,0.6,8.5,Psychic,NULL,100.0,0.0,50,X,74,48,76,83,81,104,466,0,0,0,0,0,2,2,75,Medium Fast,1000000,Field,NULL,20,pu,0.718,0.02992789037741749
481,Mesprit,NULL,Sub-Legendary,0.3,0.3,Psychic,NULL,0.0,0.0,140,Diamond,80,105,105,105,105,80,580,0,1,0,1,1,0,3,3,Slow,1250000,No Eggs Discovered,NULL,80,pu,14.115,0.5883456391550043
376,Metagross,NULL,NULL,1.6,550.0,Steel,Psychic,0.0,0.0,35,Ruby,80,135,130,95,90,70,600,0,0,3,0,0,0,3,3,Slow,1250000,Mineral,NULL,40,ru,11.714,2.363947040587425
375,Metang,NULL,NULL,1.2,202.5,Steel,Psychic,0.0,0.0,35,Ruby,60,75,100,55,80,50,420,0,0,2,0,0,0,2,3,Slow,1250000,Mineral,NULL,40,pu,0.127,0.005293652126740303
151,Mew,NULL,Mythical,0.4,4.0,Psychic,NULL,0.0,0.0,100,Red,100,100,100,100,100,100,600,3,0,0,0,0,0,3,45,Medium Slow,1059860,No Eggs Discovered,NULL,120,uu,11.947,3.374431933560878
620,Mienshao,NULL,NULL,1.4,35.5,Fighting,NULL,50.0,50.0,50,Black,65,125,60,95,60,105,510,0,2,0,0,0,0,2,45,Medium Slow,1059860,Field,Human-Like,25,nu,18.292,1.7765325185293626
350,Milotic,NULL,NULL,6.2,162.0,Water,NULL,50.0,50.0,50,Ruby,95,60,79,100,125,81,540,0,0,0,0,2,0,2,60,Erratic,600000,Water 1,Dragon,20,ru,11.922,2.370409483195409
241,Miltank,NULL,NULL,1.2,75.5,Normal,NULL,0.0,100.0,50,Gold,95,80,105,40,70,100,490,0,0,2,0,0,0,2,45,Slow,1250000,Field,NULL,20,pu,1.712,0.07136009619982775
778,Mimikyu,NULL,NULL,0.2,0.7,Ghost,Fairy,50.0,50.0,50,Sun,55,90,80,50,105,96,476,0,0,0,0,2,0,2,45,Medium Fast,1000000,Amorphous,NULL,20,ru,10.431,2.324084990021176
146,Moltres,NULL,Sub-Legendary,2.0,60.0,Fire,Flying,0.0,0.0,35,Red,90,100,90,125,85,90,580,0,0,0,3,0,0,3,3,Slow,1250000,No Eggs Discovered,NULL,80,ou,4.049,4.109090410151888
877,Morpeko,NULL,NULL,0.3,3.0,Electric,Dark,50.0,50.0,50,Sword,58,95,58,70,58,97,436,0,0,0,0,0,2,2,180,Medium Fast,1000000,Field,Fairy,10,pu,1.245,0.05189446230472056
122,Mr. Mime,NULL,NULL,1.3,54.5,Psychic,Fairy,50.0,50.0,50,Red,40,45,65,100,120,90,460,0,0,0,0,2,0,2,45,Medium Fast,1000000,Human-Like,NULL,25,pu,0.384,0.01600600290916191
866,Mr. Rime,NULL,NULL,1.5,58.2,Ice,Psychic,50.0,50.0,50,Sword,80,85,75,110,100,70,520,0,0,0,3,0,0,3,45,Medium Fast,1000000,Human-Like,NULL,25,pu,0.701,0.029219290481550093
750,Mudsdale,NULL,NULL,2.5,920.0,Ground,NULL,50.0,50.0,50,Sun,100,125,100,55,85,35,500,0,2,0,0,0,0,2,60,Medium Fast,1000000,Field,NULL,20,nu,10.845,1.460392272857415
446,Munchlax,NULL,NULL,0.6,105.0,Normal,NULL,87.5,12.5,50,Diamond,135,85,40,40,85,5,390,1,0,0,0,0,0,1,50,Slow,1250000,No Eggs Discovered,NULL,40,pu,0.173,0.007211037413124445
518,Musharna,NULL,NULL,1.1,60.5,Psychic,NULL,50.0,50.0,50,Black,116,55,85,107,95,29,487,2,0,0,0,0,0,2,75,Fast,800000,Field,NULL,10,pu,0.605,0.02521779161760358
800,Necrozma,Dusk Mane,Legendary,3.8,460.0,Psychic,Steel,0.0,0.0,0,Ultra Sun,97,157,127,113,109,77,680,0,3,0,0,0,0,3,255,Slow,1250000,No Eggs Discovered,NULL,120,ru,8.945,2.277915847443877
34,Nidoking,NULL,NULL,1.4,62.0,Poison,Ground,100.0,0.0,50,Red,81,102,77,85,75,85,505,0,3,0,0,0,0,3,45,Medium Slow,1059860,Monster,Field,20,ou,6.045,4.162867763023811
31,Nidoqueen,NULL,NULL,1.3,60.0,Poison,Ground,0.0,100.0,50,Red,90,92,87,75,85,76,505,3,0,0,0,0,0,3,45,Medium Slow,1059860,No Eggs Discovered,NULL,20,uu,10.413,3.3263547259618744
793,Nihilego,NULL,Sub-Legendary,1.2,55.5,Rock,Poison,0.0,0.0,0,Sun,109,53,47,127,131,103,570,0,0,0,0,3,0,3,45,Slow,1250000,No Eggs Discovered,NULL,120,uu,6.385,3.20011283766339
38,Ninetales,NULL,NULL,1.1,19.9,Fire,NULL,25.0,75.0,50,Red,73,76,75,81,100,100,505,0,0,0,0,1,1,2,75,Medium Fast,1000000,Field,NULL,20,pu,0.341,0.014213663530604118
291,Ninjask,NULL,NULL,0.8,12.0,Bug,Flying,50.0,50.0,50,Ruby,61,90,45,50,50,160,456,0,0,0,0,0,2,2,120,Erratic,600000,Bug,NULL,15,nu,6.54,1.277636272271834
164,Noctowl,NULL,NULL,1.6,40.8,Normal,Flying,50.0,50.0,50,Gold,100,50,50,86,96,70,452,2,0,0,0,0,0,2,90,Medium Fast,1000000,Flying,NULL,15,pu,0.318,0.01325497057685472
715,Noivern,NULL,NULL,1.5,85.0,Flying,Dragon,50.0,50.0,50,X,85,70,80,97,80,123,535,0,0,0,0,0,2,2,45,Medium Fast,1000000,Flying,Dragon,20,ru,12.512,2.3887404388122504
862,Obstagoon,NULL,NULL,1.6,46.0,Dark,Normal,50.0,50.0,50,Sword,93,90,101,60,81,95,520,0,0,3,0,0,0,3,45,Medium Fast,1000000,Field,NULL,15,ru,7.674,2.23842663238425
224,Octillery,NULL,NULL,0.9,28.5,Water,NULL,50.0,50.0,50,Gold,75,105,75,105,75,45,480,0,1,0,1,0,0,2,75,Medium Fast,1000000,Water 1,Water 2,20,pu,0.137,0.0057104747180298475
139,Omastar,NULL,NULL,1.0,35.0,Rock,Water,87.5,12.5,50,Red,70,60,125,115,70,55,495,0,0,2,0,0,0,2,45,Medium Fast,1000000,Water 1,Water 3,30,pu,4.469,0.1862781879718335
95,Onix,NULL,NULL,8.8,210.0,Rock,Ground,50.0,50.0,50,Red,35,45,160,30,45,70,385,0,0,1,0,0,0,1,45,Medium Fast,1000000,Mineral,NULL,25,pu,0.548,0.02284189887211939
826,Orbeetle,NULL,NULL,0.4,40.8,Bug,Psychic,50.0,50.0,50,Sword,60,45,110,80,120,90,505,0,0,0,0,3,0,3,45,Medium Fast,1000000,Bug,NULL,15,pu,0.57,0.023758910063631556
770,Palossand,NULL,NULL,1.3,250.0,Ghost,Ground,50.0,50.0,50,Sun,85,75,110,100,75,35,480,0,0,2,0,0,0,2,60,Medium Fast,1000000,Amorphous,NULL,15,pu,6.263,0.2610562383642865
536,Palpitoad,NULL,NULL,0.8,17.0,Water,Ground,50.0,50.0,50,Black,75,65,55,65,55,69,384,2,0,0,0,0,0,2,120,Medium Slow,1059860,Water 1,NULL,20,pu,0.169,0.0070443085008315585
675,Pangoro,NULL,NULL,2.1,136.0,Fighting,Dark,50.0,50.0,50,X,95,124,78,69,71,58,495,0,2,0,0,0,0,2,65,Medium Fast,1000000,Field,Human-Like,25,nu,4.088,1.1735438895855979
766,Passimian,NULL,NULL,2.0,82.8,Fighting,NULL,50.0,50.0,50,Sun,100,120,90,40,60,80,490,0,2,0,0,0,0,2,45,Slow,1250000,Field,NULL,20,pu,11.713,0.48822477918728074
624,Pawniard,NULL,NULL,0.5,10.2,Dark,Steel,50.0,50.0,35,Black,45,85,70,40,40,60,340,0,1,0,0,0,0,1,120,Medium Fast,1000000,Human-Like,NULL,20,pu,0.138,0.005752157101381733
279,Pelipper,NULL,NULL,1.2,28.0,Water,Flying,50.0,50.0,50,Ruby,60,50,100,95,70,65,440,0,0,2,0,0,0,2,45,Medium Fast,1000000,Water 1,Flying,20,ou,6.096,4.1642418366498495
863,Perrserker,NULL,NULL,0.8,28.0,Steel,NULL,50.0,50.0,50,Sword,70,110,100,50,60,50,440,0,2,0,0,0,0,2,90,Medium Fast,1000000,Field,NULL,20,pu,2.176,0.09070068729268187
53,Persian,NULL,NULL,1.0,32.0,Normal,NULL,50.0,50.0,50,Red,65,70,60,65,65,115,440,0,0,0,0,0,2,2,90,Medium Fast,1000000,Field,NULL,20,pu,0.172,0.0071693556508872144
25,Pikachu,NULL,NULL,0.4,6.0,Electric,NULL,50.0,50.0,50,Red,35,55,40,50,50,90,320,0,0,0,0,0,2,2,190,Medium Fast,1000000,Field,Fairy,10,pu,0.496,0.02067441990673859
221,Piloswine,NULL,NULL,1.1,55.8,Ice,Ground,50.0,50.0,50,Gold,100,100,80,60,60,50,450,1,1,0,0,0,0,2,75,Slow,1250000,Field,NULL,20,pu,1.117,0.046559127173513716
871,Pincurchin,NULL,NULL,0.3,1.0,Electric,NULL,50.0,50.0,50,Sword,48,101,95,91,85,15,435,0,2,0,0,0,0,2,75,Medium Fast,1000000,Water 1,Amorphous,20,pu,1.677,0.06990121713031434
127,Pinsir,NULL,NULL,1.5,55.0,Bug,NULL,50.0,50.0,50,Red,65,125,100,55,70,85,500,0,2,0,0,0,0,2,45,Slow,1250000,Bug,NULL,25,pu,0.571,0.023800591825868786
186,Politoed,NULL,NULL,1.1,33.9,Water,NULL,50.0,50.0,50,Gold,90,75,75,90,100,70,500,0,0,0,0,3,0,3,45,Medium Slow,1059860,Water 1,NULL,20,ru,2.967,2.092182934557665
62,Poliwrath,NULL,NULL,1.3,54.0,Water,Fighting,50.0,50.0,50,Red,90,95,95,70,90,70,510,0,0,3,0,0,0,3,45,Medium Slow,1059860,Water 1,NULL,20,pu,2.848,0.11871118927814193
855,Polteageist,Antique,NULL,0.2,0.4,Ghost,NULL,0.0,0.0,50,Sword,60,65,65,134,114,70,508,0,0,0,2,0,0,2,60,Medium Fast,1000000,Mineral,Amorphous,20,ru,2.562,2.079599825099465
474,Porygon-Z,NULL,NULL,0.9,34.0,Normal,NULL,0.0,0.0,50,Diamond,85,80,70,135,75,90,535,0,0,0,3,0,0,3,30,Medium Fast,1000000,Mineral,NULL,20,nu,0.46,1.0195279339918581
233,Porygon2,NULL,NULL,0.6,32.5,Normal,NULL,0.0,0.0,50,Gold,85,80,90,105,95,60,515,0,0,0,2,0,0,2,45,Medium Fast,1000000,Mineral,NULL,20,ru,7.653,2.2377741776551856
730,Primarina,NULL,NULL,1.8,44.0,Water,Fairy,87.5,12.5,50,Sun,80,74,74,126,116,60,530,0,0,0,3,0,0,3,45,Medium Slow,1059860,Water 1,Field,15,uu,8.272,3.259253468505792
771,Pyukumuku,NULL,NULL,0.3,1.2,Water,NULL,50.0,50.0,50,Sun,55,60,130,30,130,5,410,0,0,0,0,2,0,2,60,Fast,800000,Water 1,NULL,15,pu,1.524,0.06352382552088365
195,Quagsire,NULL,NULL,1.4,75.0,Water,Ground,50.0,50.0,50,Gold,95,85,85,65,65,35,430,2,0,0,0,0,0,2,90,Medium Fast,1000000,Water 1,Field,20,uu,5.409,3.169523928596642
211,Qwilfish,NULL,NULL,0.5,3.9,Water,Poison,50.0,50.0,50,Gold,65,95,85,55,55,85,440,0,1,0,0,0,0,1,45,Medium Fast,1000000,Water 2,NULL,20,pu,2.242,0.09345171838275974
814,Raboot,NULL,NULL,0.6,9.0,Fire,NULL,87.5,12.5,50,Sword,65,86,50,55,60,94,410,0,0,0,0,0,2,2,45,Medium Slow,1059860,Field,Human-Like,20,pu,0.26,0.01083739731136261
26,Raichu,NULL,NULL,0.8,30.0,Electric,NULL,50.0,50.0,50,Red,60,90,55,90,80,110,485,0,0,0,0,0,3,3,75,Medium Fast,1000000,Field,Fairy,10,pu,0.247,0.01029552757001741
243,Raikou,NULL,Sub-Legendary,1.9,178.0,Electric,NULL,0.0,0.0,35,Gold,90,85,75,115,100,115,580,0,0,0,1,0,2,3,3,Slow,1250000,No Eggs Discovered,NULL,80,ru,14.332,2.445286752371919
78,Rapidash,NULL,NULL,1.7,95.0,Fire,NULL,50.0,50.0,50,Red,65,100,70,80,80,105,500,0,0,0,0,0,2,2,60,Medium Fast,1000000,Field,NULL,20,pu,0.279,0.011629361973933775
378,Regice,NULL,Sub-Legendary,1.8,175.0,Ice,NULL,0.0,0.0,35,Ruby,80,50,100,100,200,50,580,0,0,0,0,3,0,3,3,Slow,1250000,No Eggs Discovered,NULL,80,pu,0.668,0.02784377493651115
895,Regidrago,NULL,Sub-Legendary,2.1,200.0,Dragon,NULL,0.0,0.0,35,Sword,200,100,50,100,50,80,580,3,0,0,0,0,0,3,3,Slow,1250000,No Eggs Discovered,NULL,120,ru,6.224,2.1933759963268162
894,Regieleki,NULL,Sub-Legendary,1.2,145.0,Electric,NULL,0.0,0.0,35,Sword,80,100,50,100,50,200,580,0,0,0,0,0,3,3,3,Slow,1250000,No Eggs Discovered,NULL,120,ou,5.946,4.160200450433552
486,Regigigas,NULL,Sub-Legendary,3.7,420.0,Normal,NULL,0.0,0.0,0,Diamond,110,160,110,80,110,100,670,0,3,0,0,0,0,3,3,Slow,1250000,No Eggs Discovered,NULL,120,pu,1.026,0.04276603960521197
377,Regirock,NULL,Sub-Legendary,1.7,230.0,Rock,NULL,0.0,0.0,35,Ruby,80,100,200,50,100,50,580,0,0,3,0,0,0,3,3,Slow,1250000,No Eggs Discovered,NULL,80,pu,10.143,0.4227835429143121
379,Registeel,NULL,Sub-Legendary,1.9,205.0,Steel,NULL,0.0,0.0,35,Ruby,80,75,150,75,150,50,580,0,0,2,0,1,0,3,3,Slow,1250000,No Eggs Discovered,NULL,80,ru,7.143,2.221928787144141
579,Reuniclus,NULL,NULL,1.0,20.1,Psychic,NULL,50.0,50.0,50,Black,110,65,75,125,85,30,490,0,0,0,3,0,0,3,50,Medium Slow,1059860,Amorphous,NULL,20,ru,9.678,2.3006897471687555
112,Rhydon,NULL,NULL,1.9,120.0,Ground,Rock,50.0,50.0,50,Red,105,130,120,45,45,40,485,0,2,0,0,0,0,2,60,Slow,1250000,Monster,Field,20,pu,2.004,0.08353132480953346
464,Rhyperior,NULL,NULL,2.4,282.8,Ground,Rock,50.0,50.0,50,Diamond,115,140,130,55,55,40,535,0,3,0,0,0,0,3,30,Slow,1250000,Monster,Field,20,ru,10.153,2.3154476983163113
743,Ribombee,NULL,NULL,0.2,0.5,Bug,Fairy,50.0,50.0,50,Sun,60,55,60,96,70,124,465,0,0,0,0,0,2,2,75,Medium Fast,1000000,Bug,Fairy,20,pu,9.289,0.3871868558544141
812,Rillaboom,NULL,NULL,2.1,90.0,Grass,NULL,87.5,12.5,50,Sword,100,125,90,60,70,85,530,0,3,0,0,0,0,3,45,Medium Slow,1059860,Field,Grass,20,ou,18.413,4.496093316808049
315,Roselia,NULL,NULL,0.3,2.0,Grass,Poison,50.0,50.0,50,Ruby,50,60,45,100,80,65,400,0,0,0,2,0,0,2,150,Medium Slow,1059860,Fairy,Grass,20,pu,0.315,0.01312992404791372
407,Roserade,NULL,NULL,0.9,14.5,Grass,Poison,50.0,50.0,50,Diamond,60,70,65,125,105,90,515,0,0,0,3,0,0,3,75,Medium Slow,1059860,Fairy,Grass,20,pu,3.356,0.1398857928161859
479,Rotom,NULL,NULL,0.3,0.3,Electric,Ghost,0.0,0.0,50,Diamond,50,50,77,95,77,91,440,0,0,0,1,0,1,2,45,Medium Fast,1000000,Amorphous,NULL,20,pu,3.223,0.13434205135825153
867,Runerigus,NULL,NULL,1.6,66.6,Ground,Ghost,50.0,50.0,50,Sword,58,95,145,50,105,30,483,0,0,2,0,0,0,2,90,Medium Fast,1000000,Mineral,Amorphous,25,pu,3.059,0.12750615291083545
302,Sableye,NULL,NULL,0.5,11.0,Dark,Ghost,50.0,50.0,35,Ruby,50,75,75,65,65,50,380,0,1,1,0,0,0,2,45,Medium Slow,1059860,Human-Like,NULL,25,pu,2.175,0.09065899807706879
373,Salamence,NULL,NULL,1.5,102.6,Dragon,Flying,50.0,50.0,35,Ruby,95,135,80,110,80,100,600,0,3,0,0,0,0,3,45,Slow,1250000,Dragon,NULL,40,uu,20.722,3.6494499761693504
758,Salazzle,NULL,NULL,1.2,22.2,Poison,Fire,0.0,100.0,50,Sun,68,64,60,111,60,117,480,0,0,0,0,0,2,2,45,Medium Fast,1000000,Monster,Dragon,20,nu,13.063,1.5545508516187039
844,Sandaconda,NULL,NULL,3.8,65.5,Ground,NULL,50.0,50.0,50,Sword,72,107,125,65,70,71,510,0,0,2,0,0,0,2,120,Medium Fast,1000000,Field,Dragon,20,pu,10.496,0.43749742113195433
28,Sandslash,NULL,NULL,1.0,29.5,Ground,NULL,50.0,50.0,50,Red,75,100,110,45,55,65,450,0,0,2,0,0,0,2,90,Medium Fast,1000000,Field,NULL,20,pu,2.625,0.10941603456076719
539,Sawk,NULL,NULL,1.4,41.0,Fighting,NULL,100.0,0.0,50,Black,75,125,75,30,75,85,465,0,2,0,0,0,0,2,45,Medium Fast,1000000,Human-Like,NULL,20,pu,1.411,0.058813724276611114
254,Sceptile,NULL,NULL,1.7,52.2,Grass,NULL,87.5,12.5,50,Ruby,70,85,65,105,85,120,530,0,0,0,0,0,3,3,45,Medium Slow,1059860,Monster,Dragon,20,pu,0.279,0.011629361973933775
212,Scizor,NULL,NULL,1.8,118.0,Bug,Steel,50.0,50.0,50,Gold,70,130,100,55,80,65,500,0,2,0,0,0,0,2,25,Medium Fast,1000000,Bug,NULL,25,uu,31.907,4.0
545,Scolipede,NULL,NULL,2.5,200.5,Bug,Poison,50.0,50.0,50,Black,60,100,89,55,69,112,485,0,0,0,0,0,3,3,45,Medium Slow,1059860,Bug,NULL,20,uu,1.752,3.054909580871685
560,Scrafty,NULL,NULL,1.1,30.0,Dark,Fighting,50.0,50.0,50,Black,65,90,115,45,115,58,488,0,0,1,0,1,0,2,90,Medium Fast,1000000,Field,Dragon,15,pu,5.329,0.22212497057407213
123,Scyther,NULL,NULL,1.5,56.0,Bug,Flying,50.0,50.0,50,Red,70,110,80,55,80,105,500,0,1,0,0,0,0,1,45,Medium Fast,1000000,Bug,NULL,25,pu,7.492,0.31228378750429414
119,Seaking,NULL,NULL,1.3,39.0,Water,NULL,50.0,50.0,50,Red,80,92,65,65,80,68,450,0,2,0,0,0,0,2,60,Medium Fast,1000000,Water 2,NULL,20,pu,0.163,0.006794214821834901
537,Seismitoad,NULL,NULL,1.5,62.0,Water,Ground,50.0,50.0,50,Black,105,95,75,85,75,74,509,3,0,0,0,0,0,3,45,Medium Slow,1059860,Water 1,NULL,20,ru,16.716,2.5193562162224303
319,Sharpedo,NULL,NULL,1.8,88.8,Water,Dark,50.0,50.0,35,Ruby,70,120,40,95,40,95,460,0,2,0,0,0,0,2,60,Slow,1250000,Water 2,NULL,20,ru,7.024,2.2182315288643957
292,Shedinja,NULL,NULL,0.8,1.2,Bug,Ghost,0.0,0.0,50,Ruby,1,90,45,30,30,40,236,2,0,0,0,0,0,2,45,Erratic,600000,Mineral,NULL,15,pu,0.31,0.012921512752268946
275,Shiftry,NULL,NULL,1.3,59.6,Grass,Dark,50.0,50.0,50,Ruby,90,100,60,90,60,80,480,0,3,0,0,0,0,3,45,Medium Slow,1059860,Fairy,Grass,15,pu,0.425,0.017714977521015935
756,Shiinotic,NULL,NULL,1.0,11.5,Grass,Fairy,50.0,50.0,50,Sun,60,45,80,90,100,30,405,0,0,0,0,2,0,2,75,Medium Fast,1000000,Grass,NULL,20,pu,1.015,0.04230753276722658
213,Shuckle,NULL,NULL,0.6,20.5,Bug,Rock,50.0,50.0,50,Gold,20,10,230,10,230,5,505,0,0,1,0,1,0,2,190,Medium Slow,1059860,Bug,NULL,20,pu,1.458,0.06077278946188852
561,Sigilyph,NULL,NULL,1.4,14.0,Psychic,Flying,50.0,50.0,50,Black,72,58,80,103,80,97,490,0,0,0,2,0,0,2,45,Medium Fast,1000000,Flying,NULL,20,nu,3.382,1.1435727629705539
773,Silvally,NULL,Sub-Legendary,2.3,100.5,Normal,NULL,0.0,0.0,0,Sun,95,95,95,95,95,95,570,3,0,0,0,0,0,3,3,Slow,1250000,No Eggs Discovered,NULL,120,pu,0.608,0.02534283690431527
227,Skarmory,NULL,NULL,1.7,50.5,Steel,Flying,50.0,50.0,50,Gold,65,80,140,40,70,70,465,0,0,2,0,0,0,2,25,Slow,1250000,Flying,NULL,25,uu,11.456,3.3590434850028306
435,Skuntank,NULL,NULL,1.0,38.0,Poison,Dark,50.0,50.0,50,Diamond,103,93,67,71,61,84,479,2,0,0,0,0,0,2,60,Medium Fast,1000000,Field,NULL,20,pu,2.45,0.10212163424428294
80,Slowbro,Mega,NULL,2.0,120.0,Water,Psychic,50.0,50.0,70,Omega Ruby,95,75,180,130,80,30,590,0,0,2,0,0,0,2,75,Medium Fast,1000000,Monster,Water 1,20,ou,12.541,4.337886625301382
199,Slowking,NULL,NULL,2.0,79.5,Water,Psychic,50.0,50.0,50,Gold,95,75,80,100,110,30,490,0,0,0,0,3,0,3,70,Medium Fast,1000000,Monster,Water 1,20,uu,11.911,3.3733036764837308
685,Slurpuff,NULL,NULL,0.8,5.0,Fairy,NULL,50.0,50.0,50,X,82,80,86,85,75,72,480,0,0,2,0,0,0,2,140,Medium Fast,1000000,Fairy,NULL,20,ru,2.917,2.090629465625947
215,Sneasel,NULL,NULL,0.9,28.0,Dark,Ice,50.0,50.0,35,Gold,55,95,55,35,75,115,430,0,0,0,0,0,1,1,60,Medium Slow,1059860,Field,NULL,20,pu,1.75,0.07294402304051147
143,Snorlax,NULL,NULL,2.1,460.0,Normal,NULL,87.5,12.5,50,Red,160,110,65,65,110,30,540,2,0,0,0,0,0,2,25,Slow,1250000,Monster,NULL,40,ru,6.712,2.208537864952419
897,Spectrier,NULL,Sub-Legendary,2.0,44.5,Ghost,NULL,0.0,0.0,0,Sword,100,65,60,145,80,130,580,0,0,0,3,0,0,3,3,Slow,1250000,No Eggs Discovered,NULL,120,ou,5.304,4.1429033230805725
442,Spiritomb,NULL,NULL,1.0,108.0,Ghost,Dark,50.0,50.0,50,Diamond,50,92,108,92,108,35,485,0,0,1,0,1,0,2,100,Medium Fast,1000000,Amorphous,NULL,30,pu,2.959,0.12333792699794001
805,Stakataka,NULL,Sub-Legendary,5.5,820.0,Rock,Steel,0.0,0.0,0,Ultra Sun,61,131,211,53,101,13,570,0,0,3,0,0,0,3,30,Slow,1250000,No Eggs Discovered,NULL,120,ru,6.152,2.191138998102133
121,Starmie,NULL,NULL,1.1,80.0,Water,Psychic,0.0,0.0,50,Red,60,75,85,100,85,115,520,0,0,0,0,0,2,2,60,Slow,1250000,Water 3,NULL,20,nu,11.826,1.5020377116739194
208,Steelix,NULL,NULL,9.2,400.0,Steel,Ground,50.0,50.0,50,Gold,75,85,200,55,65,30,510,0,0,2,0,0,0,2,25,Medium Fast,1000000,Mineral,NULL,25,ru,11.186,2.3475423968164475
874,Stonjourner,NULL,NULL,2.5,520.0,Rock,NULL,50.0,50.0,50,Sword,100,125,135,20,20,70,470,0,0,2,0,0,0,2,60,Slow,1250000,Mineral,NULL,25,pu,0.192,0.008003001454580955
508,Stoutland,NULL,NULL,1.2,61.0,Normal,NULL,50.0,50.0,50,Black,85,110,90,45,90,80,500,0,3,0,0,0,0,3,45,Medium Slow,1059860,Field,NULL,15,pu,1.001,0.041723983126988114
618,Stunfisk,NULL,NULL,0.7,11.0,Ground,Electric,50.0,50.0,70,Black,109,66,84,81,99,32,471,2,0,0,0,0,0,2,75,Medium Fast,1000000,Water 1,Amorphous,20,pu,0.985,0.04105706499335795
185,Sudowoodo,NULL,NULL,1.2,38.0,Rock,NULL,50.0,50.0,50,Gold,70,110,115,30,65,30,420,0,0,2,0,0,0,2,65,Medium Fast,1000000,Mineral,NULL,20,pu,0.133,0.005543745805736961
245,Suicune,NULL,Sub-Legendary,2.0,187.0,Water,NULL,0.0,0.0,35,Gold,100,75,115,90,115,85,580,0,0,1,0,2,0,3,3,Slow,1250000,No Eggs Discovered,NULL,80,ru,12.428,2.3861306198959937
260,Swampert,NULL,NULL,1.5,81.9,Water,Ground,87.5,12.5,50,Ruby,100,110,90,85,90,60,535,0,3,0,0,0,0,3,45,Medium Slow,1059860,Monster,Water 1,20,ou,7.29,4.196411244209376
684,Swirlix,NULL,NULL,0.4,3.5,Fairy,NULL,50.0,50.0,50,X,62,48,66,59,57,49,341,0,0,1,0,0,0,1,200,Medium Fast,1000000,Fairy,NULL,20,nu,0.181,1.007683817123191
528,Swoobat,NULL,NULL,0.9,10.5,Psychic,Flying,50.0,50.0,50,Black,67,57,55,77,55,114,425,0,0,0,0,0,2,2,45,Medium Fast,1000000,Field,Flying,15,pu,0.795,0.03313742830548076
700,Sylveon,NULL,NULL,1.0,23.5,Fairy,NULL,87.5,12.5,50,X,95,65,65,110,130,60,525,0,0,0,0,2,0,2,45,Medium Fast,1000000,Field,NULL,35,nu,19.746,1.8382577897168353
663,Talonflame,NULL,NULL,1.2,24.5,Fire,Flying,50.0,50.0,50,X,78,81,71,74,69,126,499,0,0,0,0,0,3,3,45,Medium Slow,1059860,Flying,NULL,15,pu,23.991,1.0
114,Tangela,NULL,NULL,1.0,35.0,Grass,NULL,50.0,50.0,50,Red,65,55,115,100,40,60,435,0,0,1,0,0,0,1,45,Medium Fast,1000000,Grass,NULL,20,pu,1.267,0.05281147101177411
465,Tangrowth,NULL,NULL,2.0,128.6,Grass,NULL,50.0,50.0,50,Diamond,100,100,125,110,50,50,535,0,0,2,0,0,0,2,30,Medium Fast,1000000,Grass,NULL,20,uu,10.227,3.320525288136258
787,Tapu Bulu,NULL,Sub-Legendary,1.9,45.5,Grass,Fairy,0.0,0.0,50,Sun,70,130,115,85,95,75,570,0,3,0,0,0,0,3,3,Slow,1250000,No Eggs Discovered,NULL,15,uu,9.475,3.2969567964337654
788,Tapu Fini,NULL,Sub-Legendary,1.3,21.2,Water,Fairy,0.0,0.0,50,Sun,70,75,115,95,130,85,570,0,0,0,0,3,0,3,3,Slow,1250000,No Eggs Discovered,NULL,15,ou,8.982,4.241998062229226
785,Tapu Koko,NULL,Sub-Legendary,1.8,20.5,Electric,Fairy,0.0,0.0,50,Sun,70,115,85,95,75,130,570,0,0,0,0,0,3,3,3,Slow,1250000,No Eggs Discovered,NULL,15,ou,12.313,4.331743704891509
786,Tapu Lele,NULL,Sub-Legendary,1.2,18.6,Psychic,Fairy,0.0,0.0,50,Sun,70,85,75,130,115,95,570,0,0,0,3,0,0,3,3,Slow,1250000,No Eggs Discovered,NULL,15,ou,9.983,4.268967547632583
128,Tauros,NULL,NULL,1.4,88.4,Normal,NULL,100.0,0.0,50,Red,75,100,95,40,70,110,490,0,1,0,0,0,1,2,45,Slow,1250000,Field,NULL,20,pu,0.155,0.006460756376134473
73,Tentacruel,NULL,NULL,1.6,55.0,Water,Poison,50.0,50.0,50,Red,80,70,65,80,120,100,515,0,0,0,0,2,0,2,60,Slow,1250000,Water 3,NULL,20,uu,5.864,3.1837841200775423
639,Terrakion,NULL,Sub-Legendary,1.9,260.0,Rock,Fighting,0.0,0.0,35,Black,91,129,90,72,90,108,580,0,3,0,0,0,0,3,3,Slow,1250000,No Eggs Discovered,NULL,80,uu,6.591,3.2065690965998837
828,Thievul,NULL,NULL,1.2,19.9,Dark,NULL,50.0,50.0,50,Sword,70,58,58,87,92,90,455,0,0,0,0,2,0,2,127,Fast,800000,Field,NULL,15,pu,0.722,0.03009461991082503
538,Throh,NULL,NULL,1.3,55.5,Fighting,NULL,100.0,0.0,50,Black,120,100,85,30,85,45,465,2,0,0,0,0,0,2,45,Medium Fast,1000000,Human-Like,NULL,20,pu,0.455,0.018965446537113878
642,Thundurus,NULL,Sub-Legendary,1.5,61.0,Electric,Flying,100.0,0.0,90,Black,79,115,70,125,80,111,580,0,3,0,0,0,0,3,3,Slow,1250000,No Eggs Discovered,NULL,120,ru,6.901,2.2144099871440934
811,Thwackey,NULL,NULL,0.7,14.0,Grass,NULL,87.5,12.5,50,Sword,70,85,70,55,60,80,420,0,0,0,0,2,0,2,45,Medium Slow,1059860,Field,Grass,20,pu,1.972,0.08219749351119036
777,Togedemaru,NULL,NULL,0.3,3.3,Electric,Steel,50.0,50.0,50,Sun,65,98,63,40,73,96,435,0,2,0,0,0,0,2,180,Medium Fast,1000000,Field,Fairy,10,pu,9.567,0.398774569606302
468,Togekiss,NULL,NULL,1.5,38.0,Fairy,Flying,87.5,12.5,50,Diamond,85,50,95,120,115,80,545,0,0,0,2,1,0,3,30,Fast,800000,Flying,Fairy,10,ru,26.194,2.813832087664315
176,Togetic,NULL,NULL,0.6,3.2,Fairy,Flying,87.5,12.5,50,Gold,55,40,85,80,105,40,405,0,0,0,0,2,0,2,75,Fast,800000,Flying,Fairy,10,pu,0.213,0.008878329641626584
324,Torkoal,NULL,NULL,0.5,80.4,Fire,NULL,50.0,50.0,50,Ruby,70,85,140,85,70,20,470,0,0,2,0,0,0,2,90,Medium Fast,1000000,Field,NULL,20,pu,0.558,0.02325872394786755
641,Tornadus,NULL,Sub-Legendary,1.5,63.0,Flying,NULL,100.0,0.0,90,Black,79,115,70,125,80,111,580,0,3,0,0,0,0,3,3,Slow,1250000,No Eggs Discovered,NULL,120,ru,3.021,2.093860679522415
726,Torracat,NULL,NULL,0.7,25.0,Fire,NULL,87.5,12.5,50,Sun,65,85,50,80,50,90,420,0,0,0,0,0,2,2,45,Medium Slow,1059860,Field,NULL,15,pu,0.109,0.004543370468635678
748,Toxapex,NULL,NULL,0.7,14.5,Poison,Water,50.0,50.0,50,Sun,50,63,152,53,142,35,495,0,0,2,0,0,0,2,75,Medium Fast,1000000,Water 1,NULL,20,ou,18.488,4.498114029187017
454,Toxicroak,NULL,NULL,1.3,44.4,Poison,Fighting,50.0,50.0,50,Diamond,83,106,65,86,65,85,490,0,2,0,0,0,0,2,75,Medium Fast,1000000,Human-Like,NULL,20,pu,8.025,0.33450043261381024
849,Toxtricity,NULL,NULL,1.6,40.0,Electric,Poison,50.0,50.0,50,Sword,75,98,70,114,70,75,502,0,0,0,2,0,0,2,45,Medium Slow,1059860,Human-Like,NULL,25,nu,0.754,1.0320088306979491
709,Trevenant,NULL,NULL,1.5,71.0,Ghost,Grass,50.0,50.0,50,X,85,110,76,65,82,56,474,0,2,0,0,0,0,2,60,Medium Fast,1000000,Grass,Amorphous,20,pu,1.442,0.0601058762971756
763,Tsareena,NULL,NULL,1.2,21.4,Grass,NULL,0.0,100.0,50,Sun,72,120,98,50,98,72,510,0,3,0,0,0,0,3,45,Medium Slow,1059860,Grass,NULL,20,pu,9.977,0.4158643057870077
776,Turtonator,NULL,NULL,2.0,212.0,Fire,Dragon,50.0,50.0,50,Sun,60,78,135,91,85,36,485,0,0,2,0,0,0,2,70,Medium Fast,1000000,Monster,Dragon,20,pu,1.387,0.057813347076165866
772,Type: Null,NULL,Sub-Legendary,1.9,120.5,Normal,NULL,0.0,0.0,0,Sun,95,95,95,95,95,59,534,2,0,0,0,0,0,2,3,Slow,1250000,No Eggs Discovered,NULL,120,pu,0.229,0.009545246533027438
248,Tyranitar,NULL,NULL,2.0,202.0,Rock,Dark,50.0,50.0,35,Gold,100,134,110,95,100,61,600,0,3,0,0,0,0,3,45,Slow,1250000,Monster,NULL,40,ou,8.006,4.215702104794816
697,Tyrantrum,NULL,NULL,2.5,270.0,Rock,Dragon,87.5,12.5,50,X,82,121,119,69,59,71,521,0,2,0,0,0,0,2,45,Medium Fast,1000000,Monster,Dragon,30,nu,9.821,1.416921387373475
197,Umbreon,NULL,NULL,1.0,27.0,Dark,NULL,87.5,12.5,35,Gold,95,65,110,60,130,65,525,0,0,0,0,2,0,2,45,Medium Fast,1000000,Field,NULL,35,ru,5.866,2.182253154331203
521,Unfezant,NULL,NULL,1.2,29.0,Normal,Flying,50.0,50.0,50,Black,80,115,80,65,55,93,488,0,3,0,0,0,0,3,45,Medium Slow,1059860,Flying,NULL,15,pu,0.307,0.012796466223327946
892,Urshifu,NULL,Sub-Legendary,1.9,105.0,Fighting,Dark,87.5,12.5,0,Sword,100,130,100,63,60,97,550,0,3,0,0,0,0,3,3,Slow,1250000,No Eggs Discovered,NULL,120,ou,2.825,4.0761127266338235
480,Uxie,NULL,Sub-Legendary,0.3,0.3,Psychic,NULL,0.0,0.0,140,Diamond,75,75,130,75,130,95,580,0,0,2,0,1,0,3,3,Slow,1250000,No Eggs Discovered,NULL,80,pu,3.789,0.15793423188847555
584,Vanilluxe,NULL,NULL,1.3,57.5,Ice,NULL,50.0,50.0,50,Black,71,95,85,110,95,79,535,0,0,0,3,0,0,3,45,Slow,1250000,Mineral,NULL,20,pu,3.481,0.14509608017622244
134,Vaporeon,NULL,NULL,1.0,29.0,Water,NULL,87.5,12.5,50,Red,130,65,60,110,95,65,525,2,0,0,0,0,0,2,45,Medium Fast,1000000,Field,NULL,35,pu,17.509,0.7298154035321289
3,Venusaur,NULL,NULL,2.0,100.0,Grass,Poison,87.5,12.5,50,Red,80,82,83,100,100,80,525,0,0,0,2,1,0,3,45,Medium Slow,1059860,Monster,Grass,20,uu,3.042,3.095339583620892
494,Victini,NULL,Mythical,0.4,4.0,Psychic,Fire,0.0,0.0,100,Black,100,100,100,100,100,100,600,3,0,0,0,0,0,3,3,Slow,1250000,No Eggs Discovered,NULL,120,uu,15.611,3.4892656866081553
738,Vikavolt,NULL,NULL,1.5,45.0,Bug,Electric,50.0,50.0,50,Sun,77,70,90,145,75,43,500,0,0,0,3,0,0,3,45,Medium Fast,1000000,Bug,NULL,15,pu,4.424,0.1844024813421133
45,Vileplume,NULL,NULL,1.2,18.6,Grass,Poison,50.0,50.0,50,Red,75,80,85,110,90,50,490,0,0,0,3,0,0,3,45,Medium Slow,1059860,Grass,NULL,20,nu,9.163,1.3889879521896453
640,Virizion,NULL,Sub-Legendary,2.0,200.0,Grass,Fighting,0.0,0.0,35,Black,91,90,72,90,129,108,580,0,0,0,0,3,0,3,3,Slow,1250000,No Eggs Discovered,NULL,80,pu,14.899,0.6210245780137099
721,Volcanion,NULL,Mythical,1.7,195.0,Fire,Water,0.0,0.0,100,X,80,110,120,130,90,70,600,0,0,0,3,0,0,3,3,Slow,1250000,No Eggs Discovered,NULL,120,ru,6.931,2.2153420759106486
637,Volcarona,NULL,NULL,1.6,46.0,Bug,Fire,50.0,50.0,50,Black,85,60,65,135,105,100,550,0,0,0,3,0,0,3,15,Slow,1250000,Bug,NULL,40,ou,8.026,4.216240968281054
365,Walrein,NULL,NULL,1.4,150.6,Ice,Water,50.0,50.0,50,Ruby,110,80,90,95,90,65,530,3,0,0,0,0,0,3,45,Medium Slow,1059860,Water 1,Field,20,pu,0.225,0.009378516999619897
461,Weavile,NULL,NULL,1.1,34.0,Dark,Ice,50.0,50.0,35,Diamond,70,120,65,45,85,125,510,0,1,0,0,0,1,2,45,Medium Slow,1059860,Field,NULL,20,ou,4.305,4.115987706039742
110,Weezing,NULL,NULL,1.2,9.5,Poison,NULL,50.0,50.0,50,Red,65,90,120,85,70,60,490,0,0,2,0,0,0,2,60,Medium Fast,1000000,Amorphous,NULL,20,pu,11.968,0.4988537701719158
547,Whimsicott,NULL,NULL,0.7,6.6,Grass,Fairy,50.0,50.0,50,Black,60,67,85,77,75,116,480,0,0,0,0,0,2,2,75,Medium Fast,1000000,Grass,Fairy,20,pu,12.492,0.5206952620300865
544,Whirlipede,NULL,NULL,1.2,58.5,Bug,Poison,50.0,50.0,50,Black,40,55,99,40,79,47,360,0,0,2,0,0,0,2,120,Medium Slow,1059860,Bug,NULL,15,pu,0.198,0.008253095133577613
340,Whiscash,NULL,NULL,0.9,23.6,Water,Ground,50.0,50.0,50,Ruby,110,78,73,76,71,60,468,2,0,0,0,0,0,2,75,Medium Fast,1000000,Water 2,NULL,20,pu,0.133,0.005543745805736961
40,Wigglytuff,NULL,NULL,1.0,12.0,Normal,Fairy,25.0,75.0,50,Red,140,70,45,85,50,45,435,3,0,0,0,0,0,3,50,Fast,800000,Fairy,NULL,10,pu,0.282,0.011754408502874777
746,Wishiwashi,NULL,NULL,0.2,0.3,Water,NULL,50.0,50.0,50,Sun,45,20,20,25,25,40,175,1,0,0,0,0,0,1,60,Fast,800000,Water 2,NULL,15,pu,0.888,0.03701388188271559
178,Xatu,NULL,NULL,1.5,15.0,Psychic,Flying,50.0,50.0,50,Gold,65,75,70,95,70,95,470,0,0,0,1,0,1,2,75,Medium Fast,1000000,Flying,NULL,20,pu,6.621,0.2759784930951529
796,Xurkitree,NULL,Sub-Legendary,3.8,100.0,Electric,NULL,0.0,0.0,0,Sun,83,89,71,173,71,83,570,0,0,0,3,0,0,3,45,Slow,1250000,No Eggs Discovered,NULL,120,ru,14.06,2.4368358932354135
145,Zapdos,NULL,Sub-Legendary,1.6,52.6,Electric,Flying,0.0,0.0,35,Red,90,90,85,125,90,100,580,0,0,0,3,0,0,3,3,Slow,1250000,No Eggs Discovered,NULL,80,ou,11.966,4.322394634099565
893,Zarude,NULL,Mythical,1.8,70.0,Dark,Grass,0.0,0.0,0,Sword,105,120,105,70,95,105,600,0,3,0,0,0,0,3,3,Slow,1250000,No Eggs Discovered,NULL,120,ru,32.186,3.0
807,Zeraora,NULL,Mythical,1.5,44.5,Electric,NULL,0.0,0.0,0,Ultra Sun,88,112,75,102,80,143,600,0,0,0,0,0,3,3,3,Slow,1250000,No Eggs Discovered,NULL,120,uu,27.395,3.8585890497850457
571,Zoroark,NULL,NULL,1.6,81.1,Dark,NULL,87.5,12.5,50,Black,60,105,60,120,60,105,510,0,0,0,2,0,0,2,45,Medium Slow,1059860,Field,NULL,20,nu,7.148,1.3034470978762325
